s_m;x_m;y_m;psi_rad;kappa_radpm;vx_mps;ax_mps2
0.0;2.2625337000000005;-0.8944187999999998;-1.3113734;0.0;4.7537875;0.0
0.0;2.3264757802375353;-0.8771054463550004;-1.3046038842842842;0.0;4.750741436936937;0.0
0.0;2.390304299406311;-0.8593733495332331;-1.2978343685685685;0.0;4.747695373873873;0.0
0.0;2.4540166902085403;-0.8412238889064264;-1.2910648528528528;0.0;4.744649310810811;0.0
0.0;2.517610385346433;-0.8226584438463083;-1.284295337137137;0.0;4.741603247747747;0.0
0.0;2.5810828175221983;-0.8036783937246063;-1.2775258214214213;0.0;4.738557184684685;0.0
0.0;2.6444314194380496;-0.7842851179130492;-1.2707563057057056;0.0;4.735511121621621;0.0
0.0;2.707653623796195;-0.7644799957833638;-1.26398678998999;0.0;4.732465058558558;0.0
0.0;2.7707468632988475;-0.7442644067072798;-1.2572172742742742;0.0;4.729418995495495;0.0
0.0;2.8337085706482164;-0.7236397300565242;-1.2504477585585585;0.0;4.726372932432432;0.0
0.0;2.8965361785465125;-0.7026073452028253;-1.2436782428428428;0.0;4.723326869369369;0.0
0.0;2.9592271196959476;-0.6811686315179112;-1.236908727127127;0.0;4.720280806306306;0.0
0.0;3.021778826798732;-0.6593249683735098;-1.2301392114114114;0.0;4.717234743243243;0.0
0.0;3.0841887325570765;-0.6370777351413497;-1.2233696956956956;0.0;4.71418868018018;0.0
0.0;3.1464542696731903;-0.6144283111931581;-1.21660017997998;0.0;4.711142617117117;0.0
0.0;3.2085728708492853;-0.5913780759006635;-1.2098306642642642;0.0;4.708096554054054;0.0
0.0;3.2705419687875725;-0.5679284086355941;-1.2030611485485485;0.0;4.705050490990991;0.0
0.0;3.332358996190263;-0.544080688769678;-1.1962916328328328;0.0;4.702004427927927;0.0
0.0;3.3940213857595665;-0.5198362956746426;-1.189522117117117;0.0;4.698958364864865;0.0
0.0;3.4555265701976943;-0.49519660872221666;-1.1827526014014014;0.0;4.695912301801801;0.0
0.0;3.5168719822068573;-0.4701630072841281;-1.1759830856856857;0.0;4.6928662387387385;0.0
0.0;3.5780550544892655;-0.44473687073210477;-1.16921356996997;0.0;4.689820175675676;0.0
0.0;3.6390732197471305;-0.41891957843787475;-1.1624440542542542;0.0;4.686774112612612;0.0
0.0;3.6999239106826622;-0.392712509773166;-1.1556745385385385;0.0;4.68372804954955;0.0
0.0;3.760604559998072;-0.3661170441097069;-1.1489050228228228;0.0;4.680681986486486;0.0
0.0;3.821112600395571;-0.33913456081922544;-1.142135507107107;0.0;4.6776359234234235;0.0
0.0;3.8814454645773684;-0.31176643927344927;-1.1353659913913914;0.0;4.67458986036036;0.0
0.0;3.941600585245676;-0.284014058844107;-1.1285964756756757;0.0;4.671543797297297;0.0
0.0;4.001575395102705;-0.2558787989029264;-1.12182695995996;0.0;4.668497734234234;0.0
0.0;4.061367326850665;-0.22736203882163553;-1.1150574442442442;0.0;4.665451671171171;0.0
0.0;4.1209738102626;-0.1984651509029107;-1.108169557057057;0.0;4.6570105945945945;0.0
0.0;4.180391869537849;-0.16918852866547307;-1.1012083922922922;0.0;4.645229747747748;0.0
0.0;4.239617712064481;-0.1395305943913666;-1.0942472275275275;0.0;4.633448900900901;0.0
0.0;4.298647447187165;-0.10948953375137437;-1.0872860627627627;0.0;4.621668054054054;0.0
0.0;4.357477184250572;-0.07906353241627957;-1.080324897997998;0.0;4.6098872072072075;0.0
0.0;4.416103032599371;-0.048250776056864945;-1.0733637332332333;0.0;4.598106360360361;0.0
0.0;4.474521101578233;-0.01704945034391406;-1.0664025684684684;0.0;4.586325513513513;0.0
0.0;4.532727500531827;0.01454225905179013;-1.0594414037037037;0.0;4.574544666666666;0.0
0.0;4.590718338804825;0.046526166459464696;-1.052480238938939;0.0;4.5627638198198195;0.0
0.0;4.648489725741894;0.07890408620832615;-1.0455190741741742;0.0;4.550982972972973;0.0
0.0;4.706037770687706;0.11167783262759158;-1.0385579094094093;0.0;4.539202126126126;0.0
0.0;4.76335858298693;0.1448492200464779;-1.0315967446446446;0.0;4.527421279279279;0.0
0.0;4.82044827198424;0.17842006279420192;-1.0246355798798799;0.0;4.515640432432432;0.0
0.0;4.8773029470243;0.21239217519998083;-1.0176744151151151;0.0;4.503859585585586;0.0
0.0;4.933918717451784;0.24676737159303097;-1.0107132503503502;0.0;4.492078738738739;0.0
0.0;4.99029169261136;0.28154746630256955;-1.0037520855855855;0.0;4.480297891891892;0.0
0.0;5.046417981847701;0.3167342736578136;-0.9967909208208208;0.0;4.468517045045045;0.0
0.0;5.102293694505472;0.3523296079879796;-0.989829756056056;0.0;4.4567361981981986;0.0
0.0;5.1579149399293485;0.38833528362228464;-0.9828685912912912;0.0;4.444955351351352;0.0
0.0;5.213277827463996;0.4247531148899456;-0.9759074265265265;0.0;4.433174504504505;0.0
0.0;5.268378466454087;0.4615849161201794;-0.9689462617617617;0.0;4.421393657657658;0.0
0.0;5.323212966244293;0.49883250164220305;-0.961985096996997;0.0;4.409612810810811;0.0
0.0;5.37777743617928;0.5364976857852333;-0.9550239322322323;0.0;4.397831963963964;0.0
0.0;5.43206798560372;0.5745822828784868;-0.9480627674674674;0.0;4.386051117117117;0.0
0.0;5.486080723862285;0.6130881072511808;-0.9411016027027026;0.0;4.37427027027027;0.0
0.0;5.539811760299642;0.652016973232532;-0.9341404379379379;0.0;4.3624894234234235;0.0
0.0;5.593257204260463;0.6913706951517573;-0.9271792731731732;0.0;4.350708576576577;0.0
0.0;5.646413165089418;0.7311510873380738;-0.9202181084084083;0.0;4.33892772972973;0.0
0.0;5.699275752131174;0.7713599641206978;-0.9132569436436436;0.0;4.327146882882883;0.0
0.0;5.751841074730404;0.8119991398288469;-0.9050659058058057;0.0;4.314295443043044;0.0
0.0;5.8041052422317785;0.8530704287917377;-0.8928777804804804;0.0;4.297964575975977;0.0
0.0;5.856063060899962;0.8945758932182966;-0.8806896551551551;0.0;4.28163370890891;0.0
0.0;5.907700936596196;0.936519193292679;-0.8685015298298298;0.0;4.265302841841842;0.0
0.0;5.959001942789395;0.9789046231067338;-0.8563134045045045;0.0;4.248971974774775;0.0
0.0;6.009949144558023;1.0217364783483964;-0.8441252791791791;0.0;4.232641107707708;0.0
0.0;6.0605256069805336;1.0650190547056;-0.8319371538538537;0.0;4.216310240640641;0.0
0.0;6.110714395135388;1.1087566478662771;-0.8197490285285285;0.0;4.199979373573574;0.0
0.0;6.160498574101044;1.152953553518363;-0.8075609032032032;0.0;4.183648506506507;0.0
0.0;6.209861208955961;1.1976140673497901;-0.7953727778778779;0.0;4.16731763943944;0.0
0.0;6.258785364778598;1.2427424850484936;-0.7831846525525525;0.0;4.150986772372373;0.0
0.0;6.307254106647413;1.288343102302406;-0.7709965272272271;0.0;4.134655905305306;0.0
0.0;6.355250499640866;1.3344202147994613;-0.7588084019019019;0.0;4.118325038238239;0.0
0.0;6.402757608837414;1.3809781182275933;-0.7466202765765765;0.0;4.101994171171171;0.0
0.0;6.44975849931552;1.4280211082747365;-0.734432151251251;0.0;4.085663304104104;0.0
0.0;6.496236236153633;1.4755534806288222;-0.722244025925926;0.0;4.069332437037037;0.0
0.0;6.542173884430223;1.5235795309777873;-0.7100559006006005;0.0;4.05300156996997;0.0
0.0;6.587554509223743;1.572103555009564;-0.6978677752752751;0.0;4.036670702902903;0.0
0.0;6.632361175612654;1.6211298484120849;-0.6856796499499499;0.0;4.020339835835836;0.0
0.0;6.676576948675413;1.6706627068732858;-0.6734915246246245;0.0;4.004008968768769;0.0
0.0;6.720184893490479;1.7207064260810987;-0.6613033992992993;0.0;3.987678101701702;0.0
0.0;6.763168075136312;1.771265301723459;-0.6491152739739738;0.0;3.9713472346346346;0.0
0.0;6.8055095586913685;1.8223436294882986;-0.6369271486486485;0.0;3.9550163675675676;0.0
0.0;6.847192409234113;1.873945705063553;-0.6247390233233232;0.0;3.9386855005005006;0.0
0.0;6.888199691842995;1.9260758241371543;-0.6125508979979979;0.0;3.9223546334334336;0.0
0.0;6.92851447159648;1.9787382823970368;-0.6003627726726727;0.0;3.9060237663663666;0.0
0.0;6.968119813573025;2.0319373755311347;-0.5881746473473473;0.0;3.889692899299299;0.0
0.0;7.006998782851091;2.0856773992273823;-0.5759865220220219;0.0;3.873362032232232;0.0
0.0;7.045134444509131;2.13996264917371;-0.5637983966966966;0.0;3.857031165165165;0.0
0.0;7.08250986362561;2.1947974210580563;-0.5516102713713713;0.0;3.840700298098098;0.0
0.0;7.119108105278985;2.2501860105683518;-0.5395604867867866;0.0;3.8223585524524526;0.0
0.0;7.154912590633756;2.3061319766971926;-0.527534554054054;0.0;3.803670103603604;0.0
0.0;7.18991191033176;2.3626281834663576;-0.5155086213213211;0.0;3.7849816547547546;0.0
0.0;7.224098554889208;2.419659426568847;-0.5034826885885884;0.0;3.7662932059059058;0.0
0.0;7.257465110648732;2.4772103034453834;-0.4914567558558558;0.0;3.747604757057057;0.0
0.0;7.290004163952954;2.5352654115366895;-0.479430823123123;0.0;3.728916308208208;0.0
0.0;7.3217083011445;2.5938093482834863;-0.46740489039039035;0.0;3.7102278593593594;0.0
0.0;7.3525701085659945;2.6528267111264983;-0.45537895765765757;0.0;3.6915394105105106;0.0
0.0;7.382582172560067;2.712302097506447;-0.4433530249249248;0.0;3.672850961661662;0.0
0.0;7.411737079469341;2.772220104864054;-0.4313270921921922;0.0;3.654162512812813;0.0
0.0;7.440027415636442;2.8325653306400436;-0.41930115945945934;0.0;3.6354740639639638;0.0
0.0;7.467445767403996;2.8933223722751356;-0.4072752267267268;0.0;3.6167856151151154;0.0
0.0;7.49398472111463;2.9544758272100555;-0.39524929399399394;0.0;3.598097166266266;0.0
0.0;7.519636863110969;3.016010292885523;-0.38322336126126116;0.0;3.5794087174174174;0.0
0.0;7.5443947797356365;3.0779103667422616;-0.37119742852852855;0.0;3.5607202685685686;0.0
0.0;7.568251057331261;3.1401606462209934;-0.35917149579579577;0.0;3.54203181971972;0.0
0.0;7.591198282240466;3.202745728762442;-0.347145563063063;0.0;3.5233433708708706;0.0
0.0;7.61322904080588;3.265650211807328;-0.3351196303303303;0.0;3.5046549220220222;0.0
0.0;7.634335919370128;3.3288586927963757;-0.32309369759759754;0.0;3.485966473173173;0.0
0.0;7.654511504275835;3.3923557691703063;-0.31106776486486476;0.0;3.467278024324324;0.0
0.0;7.673748381865624;3.456126038369841;-0.29904183213213215;0.0;3.4485895754754754;0.0
0.0;7.692039138482126;3.520154097835705;-0.28701589939939937;0.0;3.4299011266266266;0.0
0.0;7.709376360467964;3.584424545008618;-0.2749899666666667;0.0;3.411212677777778;0.0
0.0;7.725752634165765;3.6489219773293056;-0.2629640339339339;0.0;3.392524228928929;0.0
0.0;7.741160545918154;3.713630992238488;-0.25093810120120114;0.0;3.3738357800800802;0.0
0.0;7.755592682067754;3.7785361871768854;-0.23891216846846852;0.0;3.3551473312312314;0.0
0.0;7.7690416289571935;3.8436221595852245;-0.22688623573573574;0.0;3.336458882382382;0.0
0.0;7.781499972929099;3.908873506904225;-0.21486030300300307;0.0;3.317770433533534;0.0
0.0;7.792961217026632;3.974275079115878;-0.2028343702702703;0.0;3.2990819846846846;0.0
0.0;7.803430830163852;4.039815022672568;-0.1904251406406406;0.0;3.2902222557557557;0.0
0.0;7.812922672050889;4.105483795601921;-0.17758470200200205;0.0;3.292419836736737;0.0
0.0;7.821450775728014;4.171271903682179;-0.16474426336336337;0.0;3.294617417717718;0.0
0.0;7.829029174235483;4.237169852691575;-0.15190382472472466;0.0;3.2968149986986988;0.0
0.0;7.835671900613564;4.303168148408348;-0.13906338608608615;0.0;3.2990125796796796;0.0
0.0;7.841392987902518;4.369257296610736;-0.12622294744744744;0.0;3.3012101606606605;0.0
0.0;7.846206469142611;4.435427803076977;-0.11338250880880874;0.0;3.303407741641642;0.0
0.0;7.850126377374105;4.501670173585307;-0.10054207017017004;0.0;3.3056053226226227;0.0
0.0;7.853166745637263;4.567974913913963;-0.0877016315315317;0.0;3.3078029036036036;0.0
0.0;7.855341606972348;4.634332529841182;-0.07486119289289299;0.0;3.3100004845845845;0.0
0.0;7.856664994419627;4.700733527145207;-0.062020754254254296;0.0;3.312198065565566;0.0
0.0;7.85715094101936;4.76716841160427;-0.04918031561561559;0.0;3.3143956465465467;0.0
0.0;7.856813479811811;4.83362768899661;-0.03633987697697688;0.0;3.3165932275275276;0.0
0.0;7.855666643837244;4.900101865100463;-0.023499438338338535;0.0;3.3187908085085085;0.0
0.0;7.8537244661359225;4.966581445694068;-0.010658999699699856;0.0;3.3209883894894894;0.0
0.0;7.851000979748111;5.033056936555663;0.002181438938938851;0.0;3.3231859704704707;0.0
0.0;7.847510217714071;5.099518843463486;0.015021877577577558;0.0;3.3253835514514516;0.0
0.0;7.843266213074068;5.1659576721957725;0.027862316216216265;0.0;3.3275811324324325;0.0
0.0;7.838282998868362;5.2323639285307575;0.04070275485485461;0.0;3.3297787134134134;0.0
0.0;7.832574608137222;5.298728118246685;0.05354319349349332;0.0;3.3319762943943947;0.0
0.0;7.826155073920906;5.365040747121789;0.06638363213213203;0.0;3.3341738753753756;0.0
0.0;7.81903842925968;5.431292320934308;0.07922407077077068;0.0;3.3363714563563565;0.0
0.0;7.81123870719381;5.497473345462478;0.09206450940940938;0.0;3.3385690373373373;0.0
0.0;7.802769940763553;5.563574326484535;0.10490494804804809;0.0;3.3407666183183187;0.0
0.0;7.793646163009179;5.6295857697787195;0.11774538668668647;0.0;3.3429641992992996;0.0
0.0;7.783881406970948;5.695498181123268;0.13058582532532517;0.0;3.3451617802802804;0.0
0.0;7.7734897056891255;5.761302066296419;0.14342626396396382;0.0;3.3473593612612613;0.0
0.0;7.762485092203971;5.826987931076409;0.15626670260260253;0.0;3.349556942242242;0.0
0.0;7.7508812100246685;5.8925464655751565;0.16910714124124124;0.0;3.3517545232232235;0.0
0.0;7.738685403402095;5.957971340836081;0.18161318288288272;0.0;3.35571149039039;0.0
0.0;7.725899914785169;6.023258642174478;0.19066378888888877;0.0;3.3778487814814815;0.0
0.0;7.7125268399252365;6.08840452432579;0.19971439489489484;0.0;3.3999860725725726;0.0
0.0;7.698568274573631;6.153405142025456;0.2087650009009009;0.0;3.4221233636636637;0.0
0.0;7.6840263144817;6.218256650008922;0.21781560690690693;0.0;3.444260654754755;0.0
0.0;7.668903055400777;6.282955203011626;0.226866212912913;0.0;3.4663979458458463;0.0
0.0;7.653200593082206;6.34749695576901;0.2359168189189188;0.0;3.488535236936937;0.0
0.0;7.636921023277325;6.411878063016518;0.24496742492492488;0.0;3.510672528028028;0.0
0.0;7.620066441737476;6.476094679489592;0.25401803093093095;0.0;3.5328098191191195;0.0
0.0;7.602638944213998;6.540142959923674;0.263068636936937;0.0;3.5549471102102106;0.0
0.0;7.584640626458233;6.604019059054205;0.27211924294294304;0.0;3.5770844013013017;0.0
0.0;7.566073584221521;6.667719131616627;0.28116984894894886;0.0;3.5992216923923923;0.0
0.0;7.546939913255199;6.731239332346381;0.2902204549549549;0.0;3.621358983483484;0.0
0.0;7.527241709310611;6.794575815978914;0.299271060960961;0.0;3.643496274574575;0.0
0.0;7.506981068139095;6.85772473724966;0.30832166696696706;0.0;3.665633565665666;0.0
0.0;7.48616008549199;6.920682250894066;0.3173722729729731;0.0;3.687770856756757;0.0
0.0;7.464780857120643;6.983444511647574;0.3264228789789789;0.0;3.7099081478478477;0.0
0.0;7.442845478776386;7.046007674245623;0.33547348498498497;0.0;3.7320454389389393;0.0
0.0;7.420356046210564;7.108367893423661;0.344524090990991;0.0;3.7541827300300303;0.0
0.0;7.3973146551745135;7.1705213239171215;0.35357469699699706;0.0;3.7763200211211214;0.0
0.0;7.373723401419579;7.232464120461453;0.36262530300300316;0.0;3.798457312212213;0.0
0.0;7.349584380697099;7.294192437792092;0.37167590900900893;0.0;3.8205946033033036;0.0
0.0;7.324899688758413;7.355702430644489;0.38072651501501503;0.0;3.8427318943943947;0.0
0.0;7.299671421354861;7.416990253754077;0.3897771210210211;0.0;3.8648691854854857;0.0
0.0;7.273901674237784;7.478052061856303;0.3988277270270272;0.0;3.887006476576577;0.0
0.0;7.247592543158523;7.5388840096866065;0.4078783330330332;0.0;3.9091437676676684;0.0
0.0;7.220746123868416;7.599482251980432;0.41692893903903927;0.0;3.9312810587587594;0.0
0.0;7.193364512118807;7.659842943473217;0.4259795450450451;0.0;3.95341834984985;0.0
0.0;7.165449803661029;7.719962238900407;0.43503015105105114;0.0;3.975555640940941;0.0
0.0;7.137004094268844;7.77983629299101;0.4440807570570572;0.0;3.9976929320320327;0.0
0.0;7.1080297006803494;7.839461197004061;0.45284958048048063;0.0;4.006637490390391;0.0
0.0;7.07852970315368;7.898832822884556;0.4615009944944947;0.0;4.010085076776777;0.0
0.0;7.048507346743427;7.957946995241228;0.47015240850850853;0.0;4.013532663163163;0.0
0.0;7.017965876504184;8.01679953868282;0.47880382252252257;0.0;4.01698024954955;0.0
0.0;6.986908537490548;8.075386277818065;0.48745523653653666;0.0;4.020427835935936;0.0
0.0;6.955338574757105;8.1337030372557;0.4961066505505507;0.0;4.023875422322322;0.0
0.0;6.923259233358453;8.191745641604461;0.5047580645645647;0.0;4.027323008708709;0.0
0.0;6.890673758349187;8.249509915473087;0.5134094785785788;0.0;4.030770595095095;0.0
0.0;6.857585394783895;8.30699168347031;0.5220608925925926;0.0;4.0342181814814815;0.0
0.0;6.8239973877171725;8.364186770204869;0.5307123066066067;0.0;4.037665767867868;0.0
0.0;6.789912982203613;8.421091000285504;0.5393637206206208;0.0;4.0411133542542546;0.0
0.0;6.75533542329781;8.477700198320948;0.5480151346346348;0.0;4.044560940640641;0.0
0.0;6.7202679560543555;8.534010188919934;0.5566665486486488;0.0;4.048008527027028;0.0
0.0;6.6847138255278455;8.590016796691206;0.5653179626626627;0.0;4.051456113413414;0.0
0.0;6.6486762767728695;8.645715846243498;0.5739693766766767;0.0;4.0549036997998;0.0
0.0;6.612158554844021;8.701103162185543;0.5826207906906908;0.0;4.058351286186186;0.0
0.0;6.575163904795895;8.756174569126083;0.5912722047047049;0.0;4.061798872572573;0.0
0.0;6.537695571683085;8.81092589167385;0.5999236187187189;0.0;4.065246458958959;0.0
0.0;6.499756800560184;8.865352954437585;0.6085750327327327;0.0;4.068694045345345;0.0
0.0;6.4613508364817855;8.91945158202602;0.6172264467467468;0.0;4.072141631731732;0.0
0.0;6.422480924502479;8.973217599047896;0.6258778607607609;0.0;4.075589218118118;0.0
0.0;6.38315030967686;9.026646830111945;0.6345292747747749;0.0;4.079036804504504;0.0
0.0;6.343362237059523;9.079735099826909;0.643180688788789;0.0;4.082484390890891;0.0
0.0;6.303119951705061;9.132478232801517;0.6518321028028028;0.0;4.085931977277277;0.0
0.0;6.262426698668067;9.184872053644515;0.6604835168168168;0.0;4.089379563663663;0.0
0.0;6.22128572300313;9.23691238696463;0.6691349308308309;0.0;4.09282715005005;0.0
0.0;6.179700269764849;9.288595057370607;0.6777863448448449;0.0;4.0962747364364365;0.0
0.0;6.137673584007816;9.339915889471179;0.686437758858859;0.0;4.099722322822823;0.0
0.0;6.09520891078662;9.390870707875079;0.6950891728728731;0.0;4.1031699092092095;0.0
0.0;6.052309578020143;9.441455465593114;0.70349714004004;0.0;4.106588922022022;0.0
0.0;6.0089801079638425;9.491667966316228;0.711396081981982;0.0;4.10994819009009;0.0
0.0;5.965225919518269;9.541507403128678;0.7192950239239241;0.0;4.113307458158158;0.0
0.0;5.921052453371747;9.590973002875891;0.727193965865866;0.0;4.116666726226226;0.0
0.0;5.8764651502126055;9.640063992403306;0.735092907807808;0.0;4.120025994294294;0.0
0.0;5.831469450729171;9.688779598556351;0.7429918497497497;0.0;4.123385262362362;0.0
0.0;5.786070795609768;9.73711904818046;0.7508907916916917;0.0;4.126744530430431;0.0
0.0;5.740274625542727;9.785081568121067;0.7587897336336337;0.0;4.1301037984984985;0.0
0.0;5.694086381216374;9.832666385223606;0.7666886755755757;0.0;4.133463066566566;0.0
0.0;5.647511503319038;9.87987272633351;0.7745876175175177;0.0;4.136822334634634;0.0
0.0;5.6005554325390445;9.926699818296212;0.7824865594594597;0.0;4.140181602702703;0.0
0.0;5.553223609564726;9.97314688795714;0.7903855014014014;0.0;4.143540870770771;0.0
0.0;5.505521475084398;10.019213162161735;0.7982844433433434;0.0;4.146900138838839;0.0
0.0;5.4574544697864;10.06489786775543;0.8061833852852853;0.0;4.1502594069069065;0.0
0.0;5.409028034359056;10.110200231583656;0.8140823272272273;0.0;4.153618674974975;0.0
0.0;5.36024760949069;10.155119480491843;0.8219812691691694;0.0;4.156977943043043;0.0
0.0;5.311118635869631;10.199654841325424;0.8298802111111111;0.0;4.160337211111111;0.0
0.0;5.2616465541842095;10.243805540929841;0.8377791530530531;0.0;4.163696479179179;0.0
0.0;5.211836805122747;10.287570806150518;0.845678094994995;0.0;4.167055747247247;0.0
0.0;5.161694829373574;10.33094986383289;0.853577036936937;0.0;4.170415015315315;0.0
0.0;5.11122606762502;10.373941940822395;0.8614759788788791;0.0;4.173774283383383;0.0
0.0;5.0604359605654095;10.41654626396446;0.8693749208208208;0.0;4.177133551451451;0.0
0.0;5.009329948883071;10.458762060104524;0.8772738627627628;0.0;4.180492819519519;0.0
0.0;4.95791347326633;10.500588556088013;0.8851728047047047;0.0;4.183852087587588;0.0
0.0;4.906191974403516;10.542024978760368;0.8930717466466467;0.0;4.187211355655656;0.0
0.0;4.854170892982957;10.58307055496702;0.9009706885885886;0.0;4.1905706237237235;0.0
0.0;4.801855669692978;10.623724511553396;0.9088696305305304;0.0;4.193929891791791;0.0
0.0;4.7492517452219065;10.663986075364937;0.9167685724724725;0.0;4.19728915985986;0.0
0.0;4.696364560258073;10.703854473247077;0.9246675144144144;0.0;4.200648427927928;0.0
0.0;4.643199561431702;10.74332896700447;0.9325664563563564;0.0;4.204007695995996;0.0
0.0;4.589762732142561;10.782411976529785;0.9376338563563564;0.0;4.211292982882883;0.0
0.0;4.536061012334338;10.821111549549752;0.9425242849849851;0.0;4.218823645945946;0.0
0.0;4.482101440736895;10.85943631500039;0.9474147136136136;0.0;4.226354309009009;0.0
0.0;4.427891056080095;10.897394901817716;0.9523051422422423;0.0;4.233884972072072;0.0
0.0;4.373436897093796;10.934995938937737;0.9571955708708709;0.0;4.241415635135135;0.0
0.0;4.318746002507865;10.972248055296472;0.9620859994994996;0.0;4.248946298198198;0.0
0.0;4.263825411052162;11.009159879829935;0.9669764281281282;0.0;4.256476961261261;0.0
0.0;4.2086821614565535;11.04574004147414;0.9718668567567568;0.0;4.264007624324324;0.0
0.0;4.153323292450898;11.081997169165103;0.9767572853853854;0.0;4.271538287387387;0.0
0.0;4.097755842765056;11.117939891838835;0.9816477140140141;0.0;4.27906895045045;0.0
0.0;4.041986851128894;11.153576838431356;0.9865381426426427;0.0;4.286599613513514;0.0
0.0;3.9860233562722724;11.188916637878672;0.9914285712712714;0.0;4.294130276576577;0.0
0.0;3.929872396925055;11.223967919116802;0.9963189998999;0.0;4.30166093963964;0.0
0.0;3.8735410118171036;11.25873931108176;1.0012094285285285;0.0;4.309191602702702;0.0
0.0;3.8170362396782784;11.293239442709565;1.0060998571571573;0.0;4.316722265765766;0.0
0.0;3.7603651192384464;11.327476942936226;1.0109902857857858;0.0;4.3242529288288285;0.0
0.0;3.703534689227468;11.361460440697757;1.0158807144144144;0.0;4.331783591891892;0.0
0.0;3.646551988375201;11.395198564930173;1.020771143043043;0.0;4.339314254954955;0.0
0.0;3.5894240554115147;11.42869994456949;1.0256615716716717;0.0;4.346844918018018;0.0
0.0;3.5321579290662655;11.461973208551724;1.0305520003003004;0.0;4.354375581081081;0.0
0.0;3.4747606480693225;11.495026985812885;1.035442428928929;0.0;4.361906244144144;0.0
0.0;3.4172392511505434;11.527869905288988;1.0403328575575574;0.0;4.3694369072072075;0.0
0.0;3.359600777039789;11.560510595916053;1.0452232861861863;0.0;4.376967570270271;0.0
0.0;3.3018522644669264;11.592957686630088;1.0501137148148147;0.0;4.384498233333333;0.0
0.0;3.244000752161814;11.625219806367111;1.0550041434434436;0.0;4.392028896396397;0.0
0.0;3.186053278854319;11.657305584063135;1.059894572072072;0.0;4.399559559459459;0.0
0.0;3.1280168832743;11.68922364865417;1.0647850007007007;0.0;4.407090222522522;0.0
0.0;3.069898604151617;11.720982629076241;1.0696754293293296;0.0;4.4146208855855855;0.0
0.0;3.011705480216139;11.752591154265351;1.074565857957958;0.0;4.422151548648649;0.0
0.0;2.9534448253175185;11.78405875333432;1.0752035654654655;0.0;4.438329545345345;0.0
0.0;2.895126168339528;11.81540220286533;1.0724838615615617;0.0;4.461334384384385;0.0
0.0;2.8367601068055617;11.84664177597049;1.0697641576576578;0.0;4.484339223423423;0.0
0.0;2.7783572451364886;11.877797768330058;1.0670444537537538;0.0;4.5073440624624626;0.0
0.0;2.7199281877531862;11.908890475624291;1.06432474984985;0.0;4.530348901501501;0.0
0.0;2.6614835390765195;11.939940193533447;1.061605045945946;0.0;4.55335374054054;0.0
0.0;2.6030339035273657;11.97096721773778;1.058885342042042;0.0;4.57635857957958;0.0
0.0;2.544589885526594;12.001991843917548;1.0561656381381384;0.0;4.599363418618618;0.0
0.0;2.486162089495073;12.033034367753013;1.0534459342342344;0.0;4.622368257657658;0.0
0.0;2.4277611198536793;12.06411508492443;1.0507262303303304;0.0;4.645373096696696;0.0
0.0;2.3693975810232786;12.095254291112052;1.0480065264264264;0.0;4.668377935735736;0.0
0.0;2.3110820774247482;12.12647228199614;1.0452868225225227;0.0;4.691382774774775;0.0
0.0;2.2528252134789537;12.157789353256952;1.0425671186186187;0.0;4.714387613813814;0.0
0.0;2.1946375936067732;12.189225800574743;1.0398474147147148;0.0;4.737392452852853;0.0
0.0;2.1365298222290736;12.22080191962977;1.037127710810811;0.0;4.760397291891891;0.0
0.0;2.0785125037667243;12.252538006102293;1.034408006906907;0.0;4.783402130930931;0.0
0.0;2.020596242640604;12.284454355672572;1.031688303003003;0.0;4.80640696996997;0.0
0.0;1.9627916432715748;12.316571264020856;1.028968599099099;0.0;4.8294118090090095;0.0
0.0;1.9051093100805172;12.348909026827407;1.0262488951951951;0.0;4.852416648048048;0.0
0.0;1.8475598474882982;12.38148793977248;1.0235291912912914;0.0;4.8754214870870864;0.0
0.0;1.7901538599157865;12.414328298536336;1.0208094873873874;0.0;4.898426326126127;0.0
0.0;1.7329019517838598;12.447450398799232;1.0180897834834837;0.0;4.921431165165165;0.0
0.0;1.675814727513383;12.480874536241421;1.0153700795795795;0.0;4.944436004204205;0.0
0.0;1.6189027915252339;12.514621006543166;1.0126503756756757;0.0;4.967440843243243;0.0
0.0;1.5621767482402806;12.548710105384716;1.0099306717717718;0.0;4.990445682282282;0.0
0.0;1.5056472020793918;12.583162128446338;1.0072109678678678;0.0;5.013450521321321;0.0
0.0;1.4493247574634454;12.617997371408283;1.004491263963964;0.0;5.03645536036036;0.0
0.0;1.3932200188133057;12.65323612995081;1.00177156006006;0.0;5.0594601993994;0.0
0.0;1.337343590549851;12.688898699754178;0.9990518561561562;0.0;5.082465038438438;0.0
0.0;1.2817061072683702;12.725005019920896;0.9951559204204208;0.0;5.098190965765767;0.0
0.0;1.2263189584827034;12.761566108515606;0.9857709028028028;0.0;5.079948638438439;0.0
0.0;1.1711943240977243;12.798583643379057;0.9763858851851854;0.0;5.061706311111112;0.0
0.0;1.116344421291899;12.836058861881662;0.9670008675675675;0.0;5.043463983783783;0.0
0.0;1.0617814672437047;12.873993001393822;0.9576158499499501;0.0;5.0252216564564565;0.0
0.0;1.0075176791316114;12.912387299285944;0.9482308323323327;0.0;5.00697932912913;0.0
0.0;0.9535652741340876;12.951242992928437;0.9388458147147147;0.0;4.988737001801802;0.0
0.0;0.8999364694296115;12.990561319691698;0.9294607970970974;0.0;4.970494674474475;0.0
0.0;0.846643482196649;13.030343516946143;0.9200757794794794;0.0;4.952252347147147;0.0
0.0;0.7936985296136784;13.07059082206217;0.910690761861862;0.0;4.93401001981982;0.0
0.0;0.7411138288591655;13.111304472410191;0.9013057442442441;0.0;4.9157676924924925;0.0
0.0;0.6889015971115886;13.152485705360608;0.8919207266266267;0.0;4.897525365165166;0.0
0.0;0.6370740515494167;13.194135758283824;0.8825357090090094;0.0;4.879283037837839;0.0
0.0;0.5856434093511188;13.236255868550254;0.8731506913913913;0.0;4.86104071051051;0.0
0.0;0.5346218876951728;13.278847273530294;0.863765673773774;0.0;4.842798383183183;0.0
0.0;0.4840217037600451;13.321911210594356;0.854380656156156;0.0;4.824556055855855;0.0
0.0;0.43385507472421353;13.365448917112847;0.8449956385385387;0.0;4.8063137285285285;0.0
0.0;0.3841342177661471;13.409461630456164;0.8356106209209212;0.0;4.788071401201202;0.0
0.0;0.33487135006431495;13.453950587994722;0.8262256033033033;0.0;4.769829073873874;0.0
0.0;0.2860786887971951;13.498917027098916;0.816840585685686;0.0;4.751586746546547;0.0
0.0;0.2377684511432539;13.544362185139168;0.807455568068068;0.0;4.733344419219219;0.0
0.0;0.18995285428096875;13.59028729948587;0.7980705504504506;0.0;4.715102091891892;0.0
0.0;0.14264411538880895;13.636693607509432;0.7886855328328332;0.0;4.696859764564565;0.0
0.0;0.09585445164524427;13.683582346580264;0.7793005152152153;0.0;4.6786174372372376;0.0
0.0;0.049596080228751616;13.730954754068764;0.7699154975975978;0.0;4.660375109909911;0.0
0.0;0.0038812183177980852;13.778812067345344;0.7605304799799799;0.0;4.642132782582582;0.0
0.0;-0.04127791690913915;13.827155523780402;0.7511454623623626;0.0;4.623890455255255;0.0
0.0;-0.08586910827359073;13.875986360744356;0.7417604447447451;0.0;4.605648127927928;0.0
0.0;-0.129880138597087;13.9253058156076;0.7323754271271272;0.0;4.5874058006006;0.0
0.0;-0.17329899344881328;13.97511500756241;0.7229904095095098;0.0;4.5691634732732735;0.0
0.0;-0.21612581743543435;14.025407968506318;0.7161259999999999;0.0;4.551797227027027;0.0
0.0;-0.258379598324641;14.07616774698097;0.7099150814814815;0.0;4.534658112912913;0.0
0.0;-0.30008094441008026;14.127376446951187;0.7037041629629632;0.0;4.517518998798799;0.0
0.0;-0.34125046398539904;14.179016172381795;0.6974932444444445;0.0;4.500379884684684;0.0
0.0;-0.3819087653442374;14.231069027237607;0.6912823259259261;0.0;4.48324077057057;0.0
0.0;-0.4220764567802447;14.283517115483454;0.6850714074074074;0.0;4.466101656456456;0.0
0.0;-0.4617741465870609;14.336342541084148;0.678860488888889;0.0;4.4489625423423425;0.0
0.0;-0.5010224430583331;14.389527408004515;0.6726495703703705;0.0;4.4318234282282285;0.0
0.0;-0.5398419544877077;14.443053820209377;0.6664386518518518;0.0;4.414684314114114;0.0
0.0;-0.5782532891688255;14.496903881663547;0.6602277333333334;0.0;4.3975452;0.0
0.0;-0.6162770553953353;14.551059696331864;0.6540168148148147;0.0;4.380406085885886;0.0
0.0;-0.6539338614608774;14.60550336817913;0.6478058962962963;0.0;4.363266971771772;0.0
0.0;-0.6912443156590985;14.66021700117017;0.641594977777778;0.0;4.346127857657658;0.0
0.0;-0.7282290262836454;14.715182699269814;0.6353840592592592;0.0;4.328988743543543;0.0
0.0;-0.7649086016281587;14.770382566442871;0.6291731407407408;0.0;4.311849629429429;0.0
0.0;-0.8013036499862872;14.82579870665418;0.6229622222222221;0.0;4.294710515315314;0.0
0.0;-0.8374347796516712;14.881413223868538;0.6167513037037037;0.0;4.277571401201201;0.0
0.0;-0.8733225989179595;14.937208222050781;0.6105403851851849;0.0;4.260432287087086;0.0
0.0;-0.9089877160787931;14.993165805165734;0.6043294666666665;0.0;4.243293172972972;0.0
0.0;-0.9444507394278181;15.049268077178203;0.5981185481481481;0.0;4.226154058858858;0.0
0.0;-0.9797322772586815;15.105497142053025;0.5919076296296295;0.0;4.209014944744744;0.0
0.0;-1.0148529378650237;15.161835103755006;0.5856967111111111;0.0;4.1918758306306305;0.0
0.0;-1.0498333295404938;15.218264066248985;0.5794857925925924;0.0;4.174736716516516;0.0
0.0;-1.0846940605787319;15.274766133499766;0.573274874074074;0.0;4.157597602402402;0.0
0.0;-1.1194557392733848;15.331323409472173;0.5670639555555556;0.0;4.140458488288288;0.0
0.0;-1.1541389739180996;15.38791799813104;0.5608530370370368;0.0;4.123319374174173;0.0
0.0;-1.1887643728065163;15.444532003441175;0.5546421185185184;0.0;4.10618026006006;0.0
0.0;-1.2233525334483586;15.501147541691997;0.5484311999999997;0.0;4.089041145945945;0.0
0.0;-1.2579208833466267;15.557750352069585;0.5422202814814813;0.0;4.071902031831831;0.0
0.0;-1.2924792842469124;15.614334820415921;0.5398535625625626;0.0;4.074999750950951;0.0
0.0;-1.327036493147868;15.67089659515202;0.5429785573573574;0.0;4.107007231831833;0.0
0.0;-1.3616012670481377;15.727431324698887;0.5461035521521522;0.0;4.139014712712713;0.0
0.0;-1.3961823629463748;15.783934657477548;0.5492285469469471;0.0;4.171022193593595;0.0
0.0;-1.4307885378412242;15.840402241909008;0.5523535417417418;0.0;4.203029674474475;0.0
0.0;-1.465428548731337;15.896829726414287;0.5554785365365366;0.0;4.235037155355355;0.0
0.0;-1.5001111526153632;15.953212759414392;0.5586035313313314;0.0;4.267044636236237;0.0
0.0;-1.5348451064919493;16.00954698933034;0.5617285261261262;0.0;4.299052117117117;0.0
0.0;-1.569639167359747;16.065828064583144;0.5648535209209211;0.0;4.331059597997999;0.0
0.0;-1.6045020922174014;16.12205163359382;0.5679785157157158;0.0;4.3630670788788795;0.0
0.0;-1.639442638063564;16.17821334478338;0.5711035105105106;0.0;4.39507455975976;0.0
0.0;-1.674469561896885;16.23430884657283;0.5742285053053054;0.0;4.4270820406406415;0.0
0.0;-1.7095916207160096;16.290333787383197;0.5773535001001001;0.0;4.459089521521522;0.0
0.0;-1.7448175715195908;16.346283815635488;0.580478494894895;0.0;4.4910970024024035;0.0
0.0;-1.7801561713062743;16.402154579750714;0.5836034896896898;0.0;4.523104483283284;0.0
0.0;-1.815616177074712;16.457941728149898;0.5867284844844847;0.0;4.5551119641641655;0.0
0.0;-1.8512063458235484;16.513640909254043;0.5898534792792793;0.0;4.587119445045046;0.0
0.0;-1.8869354345514355;16.56924777148416;0.5929784740740741;0.0;4.619126925925926;0.0
0.0;-1.9228122002570247;16.624757963261285;0.596103468868869;0.0;4.651134406806808;0.0
0.0;-1.9588453999389592;16.680167133006407;0.5992284636636637;0.0;4.683141887687688;0.0
0.0;-1.995043790595893;16.73547092914055;0.6023534584584586;0.0;4.71514936856857;0.0
0.0;-2.0314161292264714;16.79066500008473;0.6054784532532533;0.0;4.74715684944945;0.0
0.0;-2.0679711728293437;16.845744994259945;0.608603448048048;0.0;4.77916433033033;0.0
0.0;-2.104717678403163;16.900706560087237;0.6117284428428429;0.0;4.811171811211213;0.0
0.0;-2.141664402946573;16.955545345987595;0.6148534376376377;0.0;4.843179292092093;0.0
0.0;-2.1788201034582264;17.010257000382044;0.6179784324324326;0.0;4.875186772972975;0.0
0.0;-2.2161935369367685;17.06483717169159;0.6211034272272273;0.0;4.907194253853855;0.0
0.0;-2.2537934603808507;17.119281508337252;0.624228422022022;0.0;4.939201734734735;0.0
0.0;-2.2916286307891234;17.173585658740045;0.6273534168168169;0.0;4.971209215615617;0.0
0.0;-2.329707803583136;17.22774526923741;0.6305467916916917;0.0;5.001124302802802;0.0
0.0;-2.368038860173405;17.281754831472075;0.6359967092092094;0.0;4.961990398098096;0.0
0.0;-2.4066273578975683;17.335605766651096;0.6414466267267268;0.0;4.922856493393392;0.0
0.0;-2.445478472068067;17.389288991271115;0.6468965442442443;0.0;4.883722588688689;0.0
0.0;-2.4845973779973414;17.44279542182878;0.6523464617617619;0.0;4.844588683983983;0.0
0.0;-2.523989250997826;17.496115974820718;0.6577963792792793;0.0;4.8054547792792786;0.0
0.0;-2.5636592663819626;17.549241566743575;0.663246296796797;0.0;4.766320874574573;0.0
0.0;-2.6036125994621853;17.60216311409399;0.6686962143143144;0.0;4.727186969869869;0.0
0.0;-2.643854425550935;17.654871533368592;0.6741461318318318;0.0;4.688053065165166;0.0
0.0;-2.684389919960652;17.707357741064037;0.6795960493493495;0.0;4.648919160460459;0.0
0.0;-2.7252242580037693;17.75961265367694;0.6850459668668669;0.0;4.609785255755756;0.0
0.0;-2.766362614992731;17.811627187703962;0.6904958843843846;0.0;4.570651351051049;0.0
0.0;-2.8078101662399693;17.86339225964172;0.695945801901902;0.0;4.531517446346346;0.0
0.0;-2.849572087057926;17.91489878598688;0.7013957194194194;0.0;4.492383541641642;0.0
0.0;-2.8916535527590406;17.96613768323605;0.706845636936937;0.0;4.453249636936936;0.0
0.0;-2.934059738655748;18.017099867885893;0.7122955544544545;0.0;4.414115732232232;0.0
0.0;-2.9767958200604894;18.067776256433035;0.7177454719719721;0.0;4.3749818275275265;0.0
0.0;-3.0198669722856994;18.118157765374114;0.7231953894894896;0.0;4.335847922822822;0.0
0.0;-3.06327837064382;18.168235311205777;0.7286453070070069;0.0;4.296714018118118;0.0
0.0;-3.107035190447289;18.217999810424654;0.7340952245245247;0.0;4.257580113413413;0.0
0.0;-3.151142607008542;18.267442179527396;0.739545142042042;0.0;4.218446208708709;0.0
0.0;-3.1956057956400197;18.316553335010624;0.7449950595595597;0.0;4.179312304004003;0.0
0.0;-3.240429931654159;18.365324193370988;0.7504449770770771;0.0;4.140178399299299;0.0
0.0;-3.2856201903633995;18.413745671105126;0.7558948945945948;0.0;4.101044494594593;0.0
0.0;-3.331181747080177;18.461808684709673;0.7613448121121122;0.0;4.061910589889889;0.0
0.0;-3.3771197771169312;18.509504150681266;0.7667947296296296;0.0;4.022776685185185;0.0
0.0;-3.4234394557861028;18.55682298551655;0.7722446471471474;0.0;3.9836427804804795;0.0
0.0;-3.4701459584001255;18.60375610571216;0.7776945646646647;0.0;3.9445088757757754;0.0
0.0;-3.5172444602714417;18.65029442776473;0.7831444821821825;0.0;3.90537497107107;0.0
0.0;-3.564740136712486;18.696428868170912;0.7885943996996998;0.0;3.8662410663663658;0.0
0.0;-3.6126381630356974;18.742150343427326;0.8001872237237236;0.0;3.8283689200200204;0.0
0.0;-3.66094367817568;18.787449762884723;0.8151307240240244;0.0;3.7911850055055045;0.0
0.0;-3.709660037848001;18.832317685605886;0.8300742243243244;0.0;3.754001090990991;0.0
0.0;-3.758788041842575;18.876744168578497;0.8450177246246252;0.0;3.716817176476475;0.0
0.0;-3.8083282927243083;18.920719230048185;0.8599612249249251;0.0;3.6796332619619614;0.0
0.0;-3.8582813930581135;18.9642328882606;0.8749047252252251;0.0;3.6424493474474477;0.0
0.0;-3.908647945408902;19.00727516146137;0.8898482255255259;0.0;3.6052654329329323;0.0
0.0;-3.959428552341579;19.049836067896127;0.9047917258258259;0.0;3.5680815184184187;0.0
0.0;-4.0106238164210595;19.091905625810522;0.9197352261261267;0.0;3.530897603903903;0.0
0.0;-4.062234340212248;19.13347385345018;0.9346787264264266;0.0;3.493713689389389;0.0
0.0;-4.1142607262800555;19.17453076906074;0.9496222267267266;0.0;3.4565297748748756;0.0
0.0;-4.166703577189398;19.21506639088785;0.9645657270270274;0.0;3.4193458603603597;0.0
0.0;-4.219563495505175;19.255070737177125;0.9795092273273274;0.0;3.382161945845846;0.0
0.0;-4.272841083792304;19.294533826174224;0.994452727627628;0.0;3.34497803133133;0.0
0.0;-4.326536944615691;19.33344567612477;1.009396227927928;0.0;3.3077941168168166;0.0
0.0;-4.380651680540248;19.3717963052744;1.024339728228228;0.0;3.270610202302303;0.0
0.0;-4.4351858941308855;19.409575731868767;1.0392832285285287;0.0;3.233426287787787;0.0
0.0;-4.490140187952507;19.446773974153487;1.0542267288288287;0.0;3.1962423732732734;0.0
0.0;-4.5455151645700305;19.483381050374202;1.0691702291291296;0.0;3.159058458758758;0.0
0.0;-4.601311426548358;19.519386978776556;1.0841137294294296;0.0;3.1218745442442444;0.0
0.0;-4.657529576452407;19.554781777606177;1.0990572297297303;0.0;3.0846906297297285;0.0
0.0;-4.714170216847082;19.589555465108717;1.1140007300300303;0.0;3.047506715215215;0.0
0.0;-4.771233950297292;19.623698059529794;1.1289442303303303;0.0;3.0103228007007012;0.0
0.0;-4.828721379367953;19.65719957911506;1.143887730630631;0.0;2.9731388861861854;0.0
0.0;-4.886633106623966;19.69005004211014;1.158831230930931;0.0;2.9359549716716717;0.0
0.0;-4.9449697346302495;19.722239466760676;1.1737747312312319;0.0;2.898771057157156;0.0
0.0;-5.003731865951706;19.753757871312306;1.1887182315315317;0.0;2.8615871426426422;0.0
0.0;-5.062920103153249;19.784595274010666;1.2036617318318317;0.0;2.8244032281281286;0.0
0.0;-5.12253504879979;19.814741693101396;1.2186052321321326;0.0;2.7872193136136127;0.0
0.0;-5.182577305456232;19.844187146830123;1.2321150036036037;0.0;2.757115292792793;0.0
0.0;-5.243047475687492;19.872921653442493;1.2416421949949954;0.0;2.746677643343343;0.0
0.0;-5.303946121422963;19.900935187003014;1.2511693863863864;0.0;2.736239993893894;0.0
0.0;-5.365267878344472;19.92821127824006;1.2606965777777777;0.0;2.725802344444445;0.0
0.0;-5.42699528517934;19.954720305420285;1.2702237691691693;0.0;2.715364694994995;0.0
0.0;-5.489109405159692;19.980431042572338;1.2797509605605606;0.0;2.7049270455455456;0.0
0.0;-5.551591301517663;20.0053122637249;1.2892781519519523;0.0;2.694489396096096;0.0
0.0;-5.614422037485383;20.029332742906625;1.2988053433433435;0.0;2.684051746646647;0.0
0.0;-5.677582676294987;20.052461254146202;1.3083325347347345;0.0;2.6736140971971976;0.0
0.0;-5.741054281178609;20.074666571472275;1.3178597261261262;0.0;2.6631764477477478;0.0
0.0;-5.804817915368376;20.095917468913516;1.3273869175175175;0.0;2.6527387982982984;0.0
0.0;-5.8688546420964265;20.1161827204986;1.3369141089089092;0.0;2.6423011488488486;0.0
0.0;-5.9331455245948845;20.135431100256184;1.3464413003003004;0.0;2.6318634993993997;0.0
0.0;-5.9976716260958876;20.153631382214943;1.3559684916916916;0.0;2.6214258499499503;0.0
0.0;-6.06241400983157;20.17075234040354;1.3654956830830833;0.0;2.6109882005005005;0.0
0.0;-6.12735373903406;20.186762748850644;1.3750228744744746;0.0;2.600550551051051;0.0
0.0;-6.192471876935491;20.20163138158491;1.384550065865866;0.0;2.5901129016016013;0.0
0.0;-6.2577494867679935;20.215327012635022;1.3940772572572573;0.0;2.5796752521521524;0.0
0.0;-6.323167631763702;20.22781841602963;1.4036044486486485;0.0;2.569237602702703;0.0
0.0;-6.38870737515475;20.239074365797418;1.4131316400400402;0.0;2.5587999532532533;0.0
0.0;-6.454349780173263;20.249063635967037;1.4226588314314315;0.0;2.548362303803804;0.0
0.0;-6.520075910051385;20.257755000567165;1.4321860228228231;0.0;2.537924654354354;0.0
0.0;-6.585866828021236;20.265117233626462;1.4417132142142144;0.0;2.527487004904905;0.0
0.0;-6.6517035973149525;20.271119109173593;1.4512404056056054;0.0;2.517049355455456;0.0
0.0;-6.717567281164673;20.275729401237236;1.460767596996997;0.0;2.506611706006006;0.0
0.0;-6.783438942802521;20.278916883846044;1.4702947883883883;0.0;2.4961740565565567;0.0
0.0;-6.849299645460632;20.280650331028696;1.47982197977978;0.0;2.485736407107107;0.0
0.0;-6.915130452371137;20.280898516813846;1.4893491711711713;0.0;2.475298757657658;0.0
0.0;-6.980912487830796;20.27963067797581;1.498876362562563;0.0;2.464861108208208;0.0
0.0;-7.046630309407098;20.276842068498087;1.5084035539539542;0.0;2.454423458758759;0.0
0.0;-7.11227366771106;20.27256729507178;1.5251558114114112;0.0;2.442656268768769;0.0
0.0;-7.17783274537588;20.26684423823742;1.5428714110110113;0.0;2.4307118067067064;0.0
0.0;-7.243297725034747;20.259710778535545;1.5605870106106106;0.0;2.4187673446446447;0.0
0.0;-7.308658789320862;20.251204796506677;1.5783026102102107;0.0;2.406822882582582;0.0
0.0;-7.373906120867416;20.241364172691352;1.59601820980981;0.0;2.3948784205205205;0.0
0.0;-7.439029902307601;20.230226787630087;1.6137338094094091;0.0;2.382933958458459;0.0
0.0;-7.504020316274618;20.21783052186342;1.6314494090090093;0.0;2.3709894963963962;0.0
0.0;-7.568867545401658;20.204213255931883;1.6491650086086085;0.0;2.3590450343343345;0.0
0.0;-7.633561772321919;20.189412870375996;1.6668806082082086;0.0;2.347100572272272;0.0
0.0;-7.698093179668588;20.17346724573629;1.6845962078078078;0.0;2.3351561102102103;0.0
0.0;-7.7624519500748645;20.156414262553305;1.702311807407407;0.0;2.323211648148148;0.0
0.0;-7.826628266173946;20.138291801367558;1.7200274070070072;0.0;2.311267186086086;0.0
0.0;-7.890612310599023;20.11913774271958;1.7377430066066064;0.0;2.299322724024024;0.0
0.0;-7.95439426598329;20.098989967149897;1.7554586062062065;0.0;2.287378261961962;0.0
0.0;-8.017964314959942;20.077886355199045;1.7731742058058058;0.0;2.2754337998998997;0.0
0.0;-8.081312640162174;20.055864787407554;1.790889805405405;0.0;2.263489337837838;0.0
0.0;-8.144429424223185;20.032963144315946;1.808605405005005;0.0;2.2515448757757754;0.0
0.0;-8.207304849776165;20.009219306464757;1.8263210046046043;0.0;2.2396004137137138;0.0
0.0;-8.269929099454309;19.984671154394512;1.8440366042042045;0.0;2.227655951651651;0.0
0.0;-8.332292355890809;19.959356568645738;1.8617522038038037;0.0;2.2157114895895895;0.0
0.0;-8.394384801718862;19.933313429758968;1.879467803403403;0.0;2.203767027527528;0.0
0.0;-8.456196619571669;19.906579618274733;1.897183403003003;0.0;2.1918225654654653;0.0
0.0;-8.517717992082414;19.87919301473356;1.9148990026026023;0.0;2.1798781034034036;0.0
0.0;-8.578939101884298;19.85119149967597;1.9326146022022024;0.0;2.167933641341341;0.0
0.0;-8.639850131610514;19.822612953642505;1.9503302018018016;0.0;2.1559891792792794;0.0
0.0;-8.700441263894257;19.793495257173685;1.9680458014014017;0.0;2.144044717217217;0.0
0.0;-8.760702823717876;19.763875747268944;1.985761401001001;0.0;2.132100255155155;0.0
0.0;-8.820629350989282;19.733775666801236;2.0034770006006;0.0;2.120155793093093;0.0
0.0;-8.880220200801705;19.703197872505932;2.0211926002002003;0.0;2.108211331031031;0.0
0.0;-8.939474991317;19.67214421662621;2.0346343419419424;0.0;2.1316049952952976;0.0
0.0;-8.998393340697024;19.640616551405234;2.043802225825826;0.0;2.190336785885887;0.0
0.0;-9.056974867103637;19.608616729086183;2.0529701097097095;0.0;2.249068576476476;0.0
0.0;-9.115219188698697;19.576146601912217;2.0621379935935935;0.0;2.3078003670670655;0.0
0.0;-9.173125923644061;19.543208022126517;2.071305877477477;0.0;2.366532157657655;0.0
0.0;-9.230694690101597;19.509802841972245;2.0804737613613615;0.0;2.4252639482482508;0.0
0.0;-9.28792510623315;19.475932913692585;2.0896416452452455;0.0;2.4839957388388396;0.0
0.0;-9.344816790200582;19.44160008953071;2.098809529129129;0.0;2.542727529429429;0.0
0.0;-9.401369360165752;19.406806221729777;2.1079774130130127;0.0;2.6014593200200182;0.0
0.0;-9.457582434290519;19.371553162532965;2.1171452968968962;0.0;2.6601911106106075;0.0
0.0;-9.513455630736749;19.335842764183454;2.126313180780781;0.0;2.7189229012012035;0.0
0.0;-9.568988567666286;19.2996768789244;2.1354810646646647;0.0;2.777654691791793;0.0
0.0;-9.624180863240992;19.26305735899899;2.1446489485485483;0.0;2.836386482382382;0.0
0.0;-9.679032135622728;19.225986056650385;2.1538168324324323;0.0;2.8951182729729714;0.0
0.0;-9.733542002973355;19.18846482412176;2.162984716316316;0.0;2.9538500635635607;0.0
0.0;-9.787710083454733;19.150495513656278;2.1721526002002003;0.0;3.0125818541541562;0.0
0.0;-9.84153599522871;19.112079977497128;2.1813204840840843;0.0;3.0713136447447456;0.0
0.0;-9.895019356457148;19.073220067887473;2.190488367967968;0.0;3.130045435335335;0.0
0.0;-9.948159785301911;19.033917637070488;2.1996562518518514;0.0;3.188777225925924;0.0
0.0;-10.000956899924848;18.994174537289336;2.208824135735735;0.0;3.2475090165165135;0.0
0.0;-10.053410318487833;18.95399262078719;2.21799201961962;0.0;3.306240807107109;0.0
0.0;-10.105519659152705;18.91337373980723;2.2271599035035035;0.0;3.3649725976976983;0.0
0.0;-10.157284540081333;18.872319746592634;2.236327787387387;0.0;3.4237043882882876;0.0
0.0;-10.20870457943557;18.830832493386552;2.245495671271271;0.0;3.482436178878877;0.0
0.0;-10.259779395377283;18.788913832432172;2.2546635551551546;0.0;3.541167969469466;0.0
0.0;-10.310508606068327;18.74656561597265;2.263831439039039;0.0;3.5998997600600617;0.0
0.0;-10.360891829670553;18.703789696251174;2.272999322922923;0.0;3.658631550650651;0.0
0.0;-10.410928684345825;18.660587925510914;2.2821672068068066;0.0;3.7173633412412403;0.0
0.0;-10.460618788255998;18.616962155995033;2.29133509069069;0.0;3.7760951318318297;0.0
0.0;-10.509961497535217;18.572914406432076;2.300369253653653;0.0;3.829191534234234;0.0
0.0;-10.55895413216911;18.528447989264667;2.30840050970971;0.0;3.840022525225226;0.0
0.0;-10.607593059050497;18.48356682250499;2.3164317657657656;0.0;3.8508535162162163;0.0
0.0;-10.655874639637444;18.438274827618326;2.3244630218218214;0.0;3.8616845072072072;0.0
0.0;-10.703795235388007;18.392575926069973;2.3324942778778777;0.0;3.8725154981981977;0.0
0.0;-10.751351207760237;18.34647403932521;2.3405255339339335;0.0;3.8833464891891887;0.0
0.0;-10.7985389182122;18.299973088849317;2.34855678998999;0.0;3.8941774801801805;0.0
0.0;-10.845354728201938;18.25307699610761;2.356588046046046;0.0;3.9050084711711714;0.0
0.0;-10.89179499918751;18.20578968256536;2.364619302102102;0.0;3.915839462162162;0.0
0.0;-10.937856092626982;18.15811506968787;2.3726505581581576;0.0;3.926670453153153;0.0
0.0;-10.9835343699784;18.110057078940418;2.380681814214214;0.0;3.9375014441441434;0.0
0.0;-11.028826192699825;18.061619631788286;2.3887130702702706;0.0;3.948332435135135;0.0
0.0;-11.073727922249304;18.01280664969678;2.3967443263263264;0.0;3.959163426126126;0.0
0.0;-11.1182359200849;17.96362205413119;2.404775582382382;0.0;3.9699944171171166;0.0
0.0;-11.162346547664669;17.914069766556796;2.412806838438438;0.0;3.9808254081081076;0.0
0.0;-11.206056166446661;17.86415370843889;2.420838094494494;0.0;3.991656399099098;0.0
0.0;-11.249361137888943;17.81387780124276;2.4288693505505505;0.0;4.00248739009009;0.0
0.0;-11.29225782344956;17.763245966433697;2.436900606606607;0.0;4.013318381081081;0.0
0.0;-11.334742584586571;17.712262125476997;2.4449318626626626;0.0;4.024149372072071;0.0
0.0;-11.376811782758027;17.660930199837942;2.4529631187187184;0.0;4.034980363063062;0.0
0.0;-11.418461779421998;17.60925411098182;2.460994374774775;0.0;4.045811354054054;0.0
0.0;-11.459688936036525;17.55723778037393;2.469025630830831;0.0;4.056642345045045;0.0
0.0;-11.500489614059665;17.50488512947955;2.4770568868868867;0.0;4.067473336036036;0.0
0.0;-11.54086017494948;17.45220007976398;2.485088142942943;0.0;4.078304327027026;0.0
0.0;-11.580796980164024;17.399186552692505;2.493119398998999;0.0;4.089135318018017;0.0
0.0;-11.620296391161355;17.345848469730402;2.5011506550550555;0.0;4.099966309009009;0.0
0.0;-11.659354769399524;17.292189752342985;2.5091819111111113;0.0;4.1107973;0.0
0.0;-11.697968476336586;17.23821432199553;2.517213167167167;0.0;4.121628290990991;0.0
0.0;-11.7361338734306;17.183926100153332;2.525244423223223;0.0;4.132459281981982;0.0
0.0;-11.773847331443296;17.129329010128714;2.5332756792792788;0.0;4.143290272972972;0.0
0.0;-11.811106245847984;17.07442717866811;2.54132397987988;0.0;4.1489466418418415;0.0
0.0;-11.84790995010932;17.019225117263836;2.5493784165165168;0.0;4.152740146746747;0.0
0.0;-11.884257993245106;16.96372738020157;2.5574328531531534;0.0;4.156533651651651;0.0
0.0;-11.920149924273119;16.90793852176696;2.5654872897897896;0.0;4.160327156556556;0.0
0.0;-11.955585292211152;16.851863096245697;2.573541726426426;0.0;4.164120661461461;0.0
0.0;-11.990563646077003;16.79550565792344;2.5815961630630633;0.0;4.167914166366367;0.0
0.0;-12.02508453488845;16.73887076108586;2.5896505996997;0.0;4.171707671271271;0.0
0.0;-12.059147507663285;16.68196296001864;2.597705036336336;0.0;4.1755011761761756;0.0
0.0;-12.092752113419296;16.624786809007436;2.6057594729729727;0.0;4.179294681081081;0.0
0.0;-12.125897901174273;16.56734686233792;2.6138139096096094;0.0;4.183088185985985;0.0
0.0;-12.158584419946013;16.50964767429577;2.6218683462462464;0.0;4.186881690890891;0.0
0.0;-12.1908112187523;16.45169379916666;2.629922782882883;0.0;4.190675195795795;0.0
0.0;-12.222577846610914;16.39348979123624;2.6379772195195192;0.0;4.194468700700701;0.0
0.0;-12.253883852539657;16.335040204790207;2.646031656156156;0.0;4.198262205605605;0.0
0.0;-12.284728785556315;16.27634959411422;2.6540860927927925;0.0;4.2020557105105105;0.0
0.0;-12.315112194678672;16.217422513493933;2.6621405294294296;0.0;4.205849215415416;0.0
0.0;-12.345033628924522;16.158263517215048;2.670194966066066;0.0;4.20964272032032;0.0
0.0;-12.374492637311658;16.098877159563216;2.6782494027027024;0.0;4.213436225225225;0.0
0.0;-12.403488768857857;16.03926799482411;2.686303839339339;0.0;4.21722973013013;0.0
0.0;-12.432021572580911;15.979440577283398;2.694358275975975;0.0;4.221023235035035;0.0
0.0;-12.460090597498628;15.919399461226758;2.7024127126126127;0.0;4.22481673993994;0.0
0.0;-12.487695392628773;15.859149200939855;2.7104671492492494;0.0;4.228610244844845;0.0
0.0;-12.514835506989149;15.798694350708372;2.7185215858858855;0.0;4.23240374974975;0.0
0.0;-12.541510489597538;15.738039464817959;2.726576022522522;0.0;4.2361972546546545;0.0
0.0;-12.567719889471734;15.677189097554303;2.7346304591591584;0.0;4.23999075955956;0.0
0.0;-12.593463255629528;15.616147803203063;2.742684895795796;0.0;4.243784264464464;0.0
0.0;-12.6187401370887;15.554920136049917;2.750739332432432;0.0;4.24757776936937;0.0
0.0;-12.64355008286705;15.493510650380541;2.7587937690690687;0.0;4.251371274274274;0.0
0.0;-12.66789264198236;15.431923900480593;2.7668482057057053;0.0;4.25516477917918;0.0
0.0;-12.691768349634467;15.370164400582265;2.7740625066066062;0.0;4.259183908108108;0.0
0.0;-12.715182511495474;15.308236471166401;2.7797365586586587;0.0;4.263616681081081;0.0
0.0;-12.738141873760634;15.246144374207494;2.7854106107107106;0.0;4.268049454054054;0.0
0.0;-12.76065318292813;15.183892371667666;2.7910846627627626;0.0;4.2724822270270275;0.0
0.0;-12.782723185496149;15.121484725509072;2.7967587148148145;0.0;4.276915;0.0
0.0;-12.80435862796288;15.058925697693862;2.8024327668668665;0.0;4.281347772972973;0.0
0.0;-12.82556625682652;14.996219550184168;2.808106818918919;0.0;4.285780545945946;0.0
0.0;-12.846352818585249;14.933370544942159;2.813780870970971;0.0;4.290213318918919;0.0
0.0;-12.866725059737263;14.870382943929974;2.819454923023023;0.0;4.294646091891892;0.0
0.0;-12.886689726780748;14.80726100910976;2.8251289750750748;0.0;4.299078864864865;0.0
0.0;-12.906253566213893;14.74400900244367;2.8308030271271267;0.0;4.303511637837838;0.0
0.0;-12.925423324534894;14.680631185893846;2.836477079179179;0.0;4.307944410810811;0.0
0.0;-12.944205748241936;14.61713182142244;2.842151131231231;0.0;4.312377183783783;0.0
0.0;-12.9626075838332;14.5535151709916;2.847825183283283;0.0;4.316809956756757;0.0
0.0;-12.980635577806892;14.48978549656347;2.853499235335335;0.0;4.32124272972973;0.0
0.0;-12.998296476661189;14.425947060100206;2.859173287387387;0.0;4.325675502702702;0.0
0.0;-13.015597026894284;14.36200412356394;2.8648473394394394;0.0;4.330108275675675;0.0
0.0;-13.032543975004366;14.29796094891684;2.8705213914914913;0.0;4.334541048648648;0.0
0.0;-13.049144067489621;14.233821798121044;2.8761954435435433;0.0;4.338973821621622;0.0
0.0;-13.065404050848246;14.1695909331387;2.8818694955955952;0.0;4.343406594594594;0.0
0.0;-13.081330671578424;14.105272615931947;2.887543547647648;0.0;4.347839367567568;0.0
0.0;-13.09693067617835;14.040871108462955;2.8932175996996996;0.0;4.35227214054054;0.0
0.0;-13.11221081114621;13.976390672693858;2.8988916517517516;0.0;4.356704913513513;0.0
0.0;-13.127177822980196;13.911835570586808;2.9045657038038035;0.0;4.361137686486487;0.0
0.0;-13.14183845817849;13.84721006410395;2.9102397558558555;0.0;4.365570459459459;0.0
0.0;-13.156199463239291;13.782518415207427;2.9159138079079083;0.0;4.370003232432432;0.0
0.0;-13.170267584660781;13.717764885859394;2.9215878599599603;0.0;4.374436005405405;0.0
0.0;-13.184049568941152;13.652953738022003;2.9272619120120122;0.0;4.378868778378378;0.0
0.0;-13.197552162578598;13.588089233657396;2.9329359640640638;0.0;4.383301551351351;0.0
0.0;-13.210781887581538;13.523175511560757;2.9386100161161157;0.0;4.387734324324324;0.0
0.0;-13.22374190359435;13.45821486575634;2.94274716006006;0.0;4.4011102624624625;0.0
0.0;-13.236432780201687;13.393208169224565;2.946837731031031;0.0;4.414757205605605;0.0
0.0;-13.248855020264303;13.328156258337549;2.950928302002002;0.0;4.428404148748748;0.0
0.0;-13.261009126642955;13.263059969467426;2.955018872972973;0.0;4.442051091891891;0.0
0.0;-13.272895602198385;13.197920138986325;2.9591094439439436;0.0;4.4556980350350335;0.0
0.0;-13.284514949791362;13.132737603266374;2.963200014914915;0.0;4.469344978178178;0.0
0.0;-13.295867672282625;13.067513198679718;2.967290585885886;0.0;4.482991921321321;0.0
0.0;-13.306954272532932;13.002247761598483;2.971381156856857;0.0;4.4966388644644635;0.0
0.0;-13.317775253403036;12.936942128394799;2.9754717278278275;0.0;4.510285807607607;0.0
0.0;-13.328331117753699;12.871597135440803;2.9795622987987986;0.0;4.52393275075075;0.0
0.0;-13.33862236844566;12.80621361910861;2.9836528697697697;0.0;4.537579693893894;0.0
0.0;-13.348649508339676;12.740792415770368;2.987743440740741;0.0;4.551226637037037;0.0
0.0;-13.358413040296504;12.675334361798205;2.9918340117117115;0.0;4.56487358018018;0.0
0.0;-13.3679134671769;12.609840293564258;2.9959245826826826;0.0;4.578520523323323;0.0
0.0;-13.377151291841606;12.544311047440647;3.0000151536536532;0.0;4.592167466466465;0.0
0.0;-13.38612701715139;12.478747459799505;3.0041057246246248;0.0;4.60581440960961;0.0
0.0;-13.39484114596699;12.413150367012973;3.008196295595596;0.0;4.619461352752753;0.0
0.0;-13.403294181149167;12.347520605453179;3.0122868665665665;0.0;4.633108295895895;0.0
0.0;-13.411486625558675;12.281859011492255;3.016377437537537;0.0;4.646755239039038;0.0
0.0;-13.419418982056268;12.21616642150233;3.0204680085085083;0.0;4.660402182182181;0.0
0.0;-13.42709175350269;12.150443671855525;3.0245585794794794;0.0;4.674049125325325;0.0
0.0;-13.434505442758706;12.084691598923996;3.0286491504504505;0.0;4.687696068468468;0.0
0.0;-13.44166055268506;12.018911039079859;3.0327397214214216;0.0;4.701343011611611;0.0
0.0;-13.448557586142517;11.953102828695254;3.036830292392392;0.0;4.714989954754754;0.0
0.0;-13.455197045991813;11.887267804142304;3.0409208633633633;0.0;4.728636897897897;0.0
0.0;-13.461579435093714;11.821406801793138;3.0450114343343344;0.0;4.742283841041041;0.0
0.0;-13.467705256308966;11.7555206580199;3.0491020053053055;0.0;4.755930784184184;0.0
0.0;-13.47357501249833;11.689610209194717;3.053192576276276;0.0;4.769577727327327;0.0
0.0;-13.479189201706497;11.62367629197899;3.0572831472472473;0.0;4.78322467047047;0.0
0.0;-13.48454758708895;11.557719787174637;2.935684653153171;0.0;4.793247531531531;0.0
0.0;-13.489648414358932;11.491741666727464;2.7261038135135127;0.0;4.8007335351351355;0.0
0.0;-13.494489741603399;11.425742913852915;2.516522973873878;0.0;4.808219538738738;0.0
0.0;-13.499069626909314;11.359724511766427;2.306942134234243;0.0;4.815705542342342;0.0
0.0;-13.503386128363637;11.293687443683423;2.0973612945946085;0.0;4.823191545945946;0.0
0.0;-13.507437304053328;11.227632692819341;1.8877804549549735;0.0;4.830677549549549;0.0
0.0;-13.51122121206534;11.161561242389608;1.6781996153153154;0.0;4.838163553153153;0.0
0.0;-13.51473591048664;11.095474075609667;1.4686187756756803;0.0;4.845649556756757;0.0
0.0;-13.51797945740418;11.02937217569495;1.2590379360360455;0.0;4.85313556036036;0.0
0.0;-13.52094991090493;10.963256525860889;1.0494570963964107;0.0;4.860621563963964;0.0
0.0;-13.523645329075839;10.897128109322916;0.8398762567567757;0.0;4.868107567567567;0.0
0.0;-13.526063770003873;10.830987909296457;0.6302954171171176;0.0;4.875593571171171;0.0
0.0;-13.528203291775986;10.76483690899696;0.420714577477483;0.0;4.883079574774775;0.0
0.0;-13.530061952479143;10.698676091639856;0.21113373783784795;0.0;4.890565578378379;0.0
0.0;-13.531637810200303;10.632506440440574;0.0015528981982129153;0.0;4.898051581981981;0.0
0.0;-13.532928923026416;10.566328938614541;-0.20802794144142167;0.0;4.905537585585585;0.0
0.0;-13.533933349044457;10.500144569377197;-0.4176087810810798;0.0;4.913023589189189;0.0
0.0;-13.534649146341375;10.433954315943982;-0.6271896207207148;0.0;4.920509592792793;0.0
0.0;-13.535074373004127;10.367759161530321;-0.8367704603603499;0.0;4.927995596396396;0.0
0.0;-13.53520708711968;10.30156008935165;-1.0463512999999849;0.0;4.935481599999999;0.0
0.0;-13.535045346774993;10.235358082623405;-1.25593213963962;0.0;4.942967603603603;0.0
0.0;-13.534587210057019;10.169154124561004;-1.465512979279278;0.0;4.950453607207208;0.0
0.0;-13.533830735052721;10.102949198379907;-1.6750938189189122;0.0;4.9579396108108105;0.0
0.0;-13.53277397984906;10.03674428729553;-1.8846746585585472;0.0;4.965425614414414;0.0
0.0;-13.531415002532995;9.970540374523308;-2.0942554981981822;0.0;4.972911618018018;0.0
0.0;-13.529751861191482;9.904338443278677;-2.3038363378378173;0.0;4.980397621621621;0.0
0.0;-13.527782613911484;9.838139476777064;-2.5134171774774754;0.0;4.987883625225225;0.0
0.0;-13.525505318779963;9.771944458233916;-2.7229980171171104;0.0;4.995369628828828;0.0
0.0;-13.522918033883874;9.70575437086466;-2.9325788567567455;0.0;5.002855632432432;0.0
0.0;-13.520018696109707;9.639570263691821;-3.097748446546547;0.0;5.008558711511512;0.0
0.0;-13.516803072890605;9.573394363665995;-3.0916175012012013;0.0;5.007384795995996;0.0
0.0;-13.513265058512415;9.507229914783279;-3.085486555855856;0.0;5.006210880480481;0.0
0.0;-13.509398485722674;9.441080194452649;-3.0793556105105107;0.0;5.005036964964965;0.0
0.0;-13.505197187268903;9.374948480083086;-3.0732246651651653;0.0;5.00386304944945;0.0
0.0;-13.500654995898627;9.30883804908357;-3.06709371981982;0.0;5.002689133933934;0.0
0.0;-13.495765744359375;9.24275217886308;-3.0609627744744743;0.0;5.001515218418419;0.0
0.0;-13.490523265398677;9.17669414683061;-3.054831829129129;0.0;5.000341302902903;0.0
0.0;-13.484921391764058;9.110667230395139;-3.048700883783784;0.0;4.999167387387388;0.0
0.0;-13.47895395620304;9.044674706965642;-3.042569938438439;0.0;4.9979934718718715;0.0
0.0;-13.472614791463156;8.978719853951107;-3.0364389930930935;0.0;4.996819556356356;0.0
0.0;-13.465897730291928;8.912805948760507;-3.0303080477477478;0.0;4.9956456408408405;0.0
0.0;-13.458796605436891;8.84693626880284;-3.0241771024024025;0.0;4.994471725325325;0.0
0.0;-13.451305249645564;8.781114091487078;-3.018046157057057;0.0;4.9932978098098095;0.0
0.0;-13.443417495665479;8.715342694222205;-3.011915211711712;0.0;4.992123894294294;0.0
0.0;-13.435127176244162;8.649625354417203;-3.0057842663663665;0.0;4.9909499787787786;0.0
0.0;-13.426428124129135;8.583965349481046;-2.999653321021021;0.0;4.989776063263263;0.0
0.0;-13.417314172067934;8.518365956822734;-2.9935223756756755;0.0;4.988602147747748;0.0
0.0;-13.40777915280808;8.45283045385124;-2.98739143033033;0.0;4.987428232232232;0.0
0.0;-13.397816899097103;8.387362117975545;-2.9812604849849853;0.0;4.986254316716717;0.0
0.0;-13.387421243682523;8.321964226604631;-2.97512953963964;0.0;4.985080401201201;0.0
0.0;-13.376586019311873;8.256640057147473;-2.968998594294294;0.0;4.983906485685686;0.0
0.0;-13.36530505873268;8.191392887013071;-2.962867648948949;0.0;4.98273257017017;0.0
0.0;-13.353572194692472;8.126225993610396;-2.9567367036036036;0.0;4.981558654654655;0.0
0.0;-13.341381259938773;8.061142654348432;-2.9506057582582583;0.0;4.980384739139139;0.0
0.0;-13.328726087219113;7.996146146636162;-2.944474812912913;0.0;4.979210823623624;0.0
0.0;-13.31560050928101;7.931239747882557;-2.9383438675675673;0.0;4.978036908108108;0.0
0.0;-13.301998358872007;7.866426735496621;-2.932212922222222;0.0;4.976862992592593;0.0
0.0;-13.287913468739621;7.801710386887323;-2.9260819768768767;0.0;4.975689077077077;0.0
0.0;-13.273339684938597;7.737093980928447;-2.9199510315315313;0.0;4.974515161561561;0.0
0.0;-13.25827316520937;7.672581050954136;-2.91265825995996;0.0;4.9634113641641635;0.0
0.0;-13.24271499475718;7.608175672692536;-2.9051165256256253;0.0;4.950179734934934;0.0
0.0;-13.226666891226724;7.54388199148801;-2.897574791291291;0.0;4.936948105705705;0.0
0.0;-13.210130572262718;7.479704152684905;-2.890033056956957;0.0;4.923716476476476;0.0
0.0;-13.193107755509867;7.415646301627573;-2.8824913226226228;0.0;4.910484847247247;0.0
0.0;-13.17560015861288;7.351712583660367;-2.8749495882882883;0.0;4.897253218018018;0.0
0.0;-13.15760949921647;7.287907144127632;-2.8674078539539534;0.0;4.884021588788787;0.0
0.0;-13.139137494965336;7.224234128373734;-2.8598661196196193;0.0;4.870789959559558;0.0
0.0;-13.120185863504194;7.160697681743017;-2.852324385285285;0.0;4.857558330330329;0.0
0.0;-13.100756322477746;7.097301949579832;-2.844782650950951;0.0;4.8443267011011;0.0
0.0;-13.080850589530701;7.034051077228535;-2.837240916616617;0.0;4.8310950718718715;0.0
0.0;-13.06047038230777;6.970949210033469;-2.8296991822822815;0.0;4.817863442642642;0.0
0.0;-13.039617418453659;6.908000493338999;-2.8221574479479474;0.0;4.804631813413413;0.0
0.0;-13.018293415613078;6.845209072489473;-2.8146157136136134;0.0;4.791400184184184;0.0
0.0;-12.99650009143073;6.78257909282924;-2.8070739792792794;0.0;4.778168554954955;0.0
0.0;-12.974239163551333;6.720114699702656;-2.799532244944945;0.0;4.764936925725726;0.0
0.0;-12.951512349619584;6.657820038454063;-2.79199051061061;0.0;4.751705296496495;0.0
0.0;-12.9283213672802;6.595699254427829;-2.784448776276276;0.0;4.738473667267266;0.0
0.0;-12.904667934177883;6.533756492968298;-2.7769070419419415;0.0;4.725242038038037;0.0
0.0;-12.880553767957345;6.471995899419823;-2.7693653076076075;0.0;4.712010408808808;0.0
0.0;-12.855980586263291;6.410421619126754;-2.7618235732732734;0.0;4.6987787795795795;0.0
0.0;-12.830950106740426;6.349037797433438;-2.7542818389389385;0.0;4.68554715035035;0.0
0.0;-12.805464047033468;6.287848579684242;-2.746740104604604;0.0;4.672315521121121;0.0
0.0;-12.779524124787116;6.2268581112235095;-2.73919837027027;0.0;4.659083891891892;0.0
0.0;-12.753132057646084;6.166070537395593;-2.731656635935936;0.0;4.645852262662663;0.0
0.0;-12.726289563255078;6.105490003544847;-2.7241149016016015;0.0;4.632620633433434;0.0
0.0;-12.6989983592588;6.045120655015612;-2.7165731672672666;0.0;4.619389004204203;0.0
0.0;-12.67126016330197;5.984966637152258;-2.7090314329329326;0.0;4.606157374974974;0.0
0.0;-12.643076693029286;5.925032095299128;-2.701489698598598;0.0;4.592925745745745;0.0
0.0;-12.614449816840413;5.865320921480418;-2.694182193993994;0.0;4.584222223123123;0.0
0.0;-12.58538294974039;5.805834408891454;-2.6871713803803794;0.0;4.581254302202202;0.0
0.0;-12.555880414739775;5.746572324966091;-2.6801605667667663;0.0;4.5782863812812815;0.0
0.0;-12.525946546415222;5.687534417703144;-2.6731497531531527;0.0;4.575318460360361;0.0
0.0;-12.495585679343385;5.628720435101435;-2.666138939539539;0.0;4.57235053943944;0.0
0.0;-12.464802148100917;5.570130125159785;-2.6591281259259256;0.0;4.569382618518519;0.0
0.0;-12.433600287264468;5.511763235877005;-2.6521173123123116;0.0;4.566414697597597;0.0
0.0;-12.401984431410694;5.453619515251931;-2.645106498698698;0.0;4.563446776676677;0.0
0.0;-12.369958915116255;5.395698711283378;-2.6380956850850845;0.0;4.560478855755756;0.0
0.0;-12.337528072957795;5.338000571970165;-2.631084871471471;0.0;4.557510934834835;0.0
0.0;-12.304696239511973;5.280524845311115;-2.624074057857858;0.0;4.554543013913914;0.0
0.0;-12.271467749355436;5.223271279305038;-2.6170632442442434;0.0;4.551575092992993;0.0
0.0;-12.23784693706485;5.1662396219507745;-2.61005243063063;0.0;4.548607172072072;0.0
0.0;-12.203838137216856;5.109429621247132;-2.6030416170170168;0.0;4.545639251151151;0.0
0.0;-12.169445684388116;5.0528410251929365;-2.596030803403403;0.0;4.54267133023023;0.0
0.0;-12.13467391315528;4.996473581787005;-2.5890199897897896;0.0;4.539703409309309;0.0
0.0;-12.099527158094997;4.940327039028154;-2.582009176176175;0.0;4.536735488388389;0.0
0.0;-12.064009753783933;4.884401144915216;-2.574998362562562;0.0;4.533767567467468;0.0
0.0;-12.028126034798735;4.828695647447008;-2.5679875489489485;0.0;4.530799646546546;0.0
0.0;-11.991880335716056;4.773210294622348;-2.560976735335335;0.0;4.527831725625625;0.0
0.0;-11.955276991112544;4.717944834440056;-2.5539659217217214;0.0;4.5248638047047045;0.0
0.0;-11.91832033556486;4.662899014898949;-2.5469551081081074;0.0;4.521895883783784;0.0
0.0;-11.881014703649662;4.60807258399786;-2.539944294494494;0.0;4.518927962862863;0.0
0.0;-11.843364429943597;4.553465289735603;-2.5329334808808803;0.0;4.515960041941942;0.0
0.0;-11.805373849023315;4.499076880110996;-2.5259226672672668;0.0;4.512992121021021;0.0
0.0;-11.767047295465476;4.4449071031228655;-2.5189118536536537;0.0;4.5100242001001005;0.0
0.0;-11.728389103846725;4.390955706770021;-2.5119010400400392;0.0;4.507056279179179;0.0
0.0;-11.689403608743731;4.3372224390513;-2.5048902264264257;0.0;4.504088358258258;0.0
0.0;-11.650095144733136;4.283707047965512;-2.4978794128128126;0.0;4.501120437337337;0.0
0.0;-11.610468046391603;4.230409281511484;-2.49088859059059;0.0;4.498437135835836;0.0
0.0;-11.57052569599585;4.177330136291372;-2.4842176306306305;0.0;4.5003077450450455;0.0
0.0;-11.53026653567384;4.12447708615901;-2.47754667067067;0.0;4.502178354254254;0.0
0.0;-11.489687410535266;4.071859698890857;-2.47087571071071;0.0;4.504048963463464;0.0
0.0;-11.448785164887775;4.019487543314968;-2.4642047507507505;0.0;4.505919572672672;0.0
0.0;-11.407556643038994;3.9673701882593932;-2.4575337907907904;0.0;4.507790181881882;0.0
0.0;-11.365998689296571;3.9155172025521927;-2.4508628308308307;0.0;4.509660791091091;0.0
0.0;-11.324108147968138;3.863938155021413;-2.44419187087087;0.0;4.5115314003003;0.0
0.0;-11.281881863361347;3.812642614495122;-2.4375209109109104;0.0;4.51340200950951;0.0
0.0;-11.239316679783837;3.7616401498013725;-2.4308499509509507;0.0;4.515272618718718;0.0
0.0;-11.196409441543237;3.710940329768216;-2.4241789909909905;0.0;4.517143227927928;0.0
0.0;-11.153156992947196;3.6605527232237107;-2.417508031031031;0.0;4.519013837137137;0.0
0.0;-11.109556178303349;3.6104868989959056;-2.4108370710710703;0.0;4.520884446346346;0.0
0.0;-11.065603841919346;3.560752425912868;-2.4041661111111106;0.0;4.522755055555556;0.0
0.0;-11.021296828102825;3.511358872802649;-2.397495151151151;0.0;4.5246256647647645;0.0
0.0;-10.976631981161415;3.462315808493301;-2.3908241911911907;0.0;4.526496273973974;0.0
0.0;-10.931606145402768;3.4136328018128834;-2.384153231231231;0.0;4.528366883183183;0.0
0.0;-10.886216165134513;3.3653194215894446;-2.3774822712712704;0.0;4.530237492392392;0.0
0.0;-10.840458884664299;3.3173852366510492;-2.3708113113113107;0.0;4.532108101601602;0.0
0.0;-10.794331148299774;3.2698398158257524;-2.364140351351351;0.0;4.5339787108108105;0.0
0.0;-10.747829800348558;3.222692727941605;-2.3574693913913913;0.0;4.53584932002002;0.0
0.0;-10.70095168511831;3.1759535418266656;-2.350798431431431;0.0;4.537719929229229;0.0
0.0;-10.65369364691665;3.129631826308983;-2.3441274714714706;0.0;4.539590538438438;0.0
0.0;-10.606052530051242;3.0837371502166238;-2.337456511511511;0.0;4.541461147647648;0.0
0.0;-10.558025178829709;3.038279082377638;-2.330785551551551;0.0;4.5433317568568565;0.0
0.0;-10.509608437559702;2.993267191620083;-2.3241145915915915;0.0;4.545202366066066;0.0
0.0;-10.460799150548853;2.948711046772012;-2.3174436316316314;0.0;4.547072975275275;0.0
0.0;-10.4115941621048;2.904620216661477;-2.310772671671671;0.0;4.548943584484484;0.0
0.0;-10.361990316535197;2.8610042701165437;-2.304101711711711;0.0;4.550814193693693;0.0
0.0;-10.311984458147672;2.8178727759652626;-2.2974307517517514;0.0;4.552684802902903;0.0
0.0;-10.261573860848014;2.7752346574427436;-2.291525848348348;0.0;4.549937309109109;0.0
0.0;-10.210765619263963;2.733084079366438;-2.28598731981982;0.0;4.544981157357357;0.0
0.0;-10.159576615507609;2.6914004980850663;-2.280448791291291;0.0;4.540025005605605;0.0
0.0;-10.10802415464165;2.650162734344239;-2.2749102627627624;0.0;4.535068853853853;0.0
0.0;-10.056125541728763;2.6093496088895556;-2.269371734234234;0.0;4.530112702102102;0.0
0.0;-10.003898081831641;2.568939942466619;-2.263833205705706;0.0;4.52515655035035;0.0
0.0;-9.951359080012965;2.52891255582103;-2.2582946771771772;0.0;4.520200398598599;0.0
0.0;-9.898525841335422;2.4892462696983895;-2.2527561486486483;0.0;4.515244246846846;0.0
0.0;-9.845415670861707;2.4499199048443074;-2.2472176201201197;0.0;4.5102880950950945;0.0
0.0;-9.792045873654503;2.4109122820043836;-2.2416790915915916;0.0;4.505331943343343;0.0
0.0;-9.738433754776496;2.3722022219242187;-2.236140563063063;0.0;4.500375791591591;0.0
0.0;-9.684596619290366;2.3337685453494132;-2.230602034534534;0.0;4.495419639839839;0.0
0.0;-9.630551772258814;2.2955900730255774;-2.2250635060060056;0.0;4.490463488088087;0.0
0.0;-9.576316518744523;2.25764562569831;-2.219524977477477;0.0;4.485507336336336;0.0
0.0;-9.521908163810178;2.2199140241132143;-2.213986448948949;0.0;4.480551184584584;0.0
0.0;-9.467344012518463;2.182374089015892;-2.2084479204204204;0.0;4.475595032832833;0.0
0.0;-9.41264136993206;2.145004641151943;-2.2029093918918914;0.0;4.47063888108108;0.0
0.0;-9.357817541113675;2.1077845012669774;-2.197370863363363;0.0;4.465682729329329;0.0
0.0;-9.302889831125981;2.0706924901065933;-2.1918323348348348;0.0;4.460726577577577;0.0
0.0;-9.247875545031672;2.033707428416396;-2.186293806306306;0.0;4.4557704258258255;0.0
0.0;-9.192791987893425;1.9968081369419854;-2.1807552777777777;0.0;4.450814274074074;0.0
0.0;-9.137656464773935;1.9599734364289616;-2.1752167492492487;0.0;4.4458581223223215;0.0
0.0;-9.082486280735889;1.9231821476229358;-2.1696782207207206;0.0;4.44090197057057;0.0
0.0;-9.027298740841974;1.8864130912695063;-2.164139692192192;0.0;4.435945818818818;0.0
0.0;-8.972111150154873;1.8496450881142752;-2.1586011636636635;0.0;4.430989667067067;0.0
0.0;-8.916940813737279;1.8128569589028465;-2.1530626351351354;0.0;4.426033515315315;0.0
0.0;-8.861805036651868;1.776027524380818;-2.1475241066066064;0.0;4.421077363563563;0.0
0.0;-8.806721123961342;1.7391356052938007;-2.141985578078078;0.0;4.416121211811811;0.0
0.0;-8.75170638072838;1.7021600223873943;-2.1364470495495493;0.0;4.41116506006006;0.0
0.0;-8.696777586100685;1.665080268999045;-2.1326515040040044;0.0;4.414636631031031;0.0
0.0;-8.641938668902291;1.6278922727249145;-2.133039117617618;0.0;4.438334736536536;0.0
0.0;-8.58718027407329;1.5906089498993874;-2.1334267312312316;0.0;4.462032842042044;0.0
0.0;-8.532492433896845;1.553244000382888;-2.1338143448448452;0.0;4.485730947547548;0.0
0.0;-8.477865180656087;1.5158111240358296;-2.134201958458459;0.0;4.509429053053053;0.0
0.0;-8.423288546634161;1.4783240207186281;-2.1345895720720724;0.0;4.533127158558559;0.0
0.0;-8.36875256411421;1.4407963902917005;-2.134977185685686;0.0;4.556825264064064;0.0
0.0;-8.31424726537937;1.4032419326154584;-2.1353647992992997;0.0;4.580523369569571;0.0
0.0;-8.259762682712795;1.3656743475503272;-2.1357524129129133;0.0;4.604221475075076;0.0
0.0;-8.205288848397627;1.3281073349567194;-2.136140026526527;0.0;4.627919580580581;0.0
0.0;-8.150815794717005;1.2905545946950507;-2.1365276401401405;0.0;4.6516176860860865;0.0
0.0;-8.09633355395407;1.253029826625738;-2.1369152537537537;0.0;4.675315791591591;0.0
0.0;-8.04183215839196;1.2155467306091938;-2.1373028673673677;0.0;4.699013897097099;0.0
0.0;-7.98730164031383;1.1781190065058424;-2.1376904809809814;0.0;4.722712002602604;0.0
0.0;-7.9327320320028205;1.140760354176097;-2.1380780945945945;0.0;4.746410108108108;0.0
0.0;-7.8781133657420686;1.103484473480373;-2.138465708208208;0.0;4.7701082136136135;0.0
0.0;-7.82343567381472;1.0663050642790879;-2.1388533218218218;0.0;4.793806319119119;0.0
0.0;-7.768688988503912;1.0292358264326533;-2.1392409354354354;0.0;4.817504424624627;0.0
0.0;-7.713863342092796;0.9922904598014947;-2.139628549049049;0.0;4.841202530130131;0.0
0.0;-7.658948766864514;0.9554826642460235;-2.1400161626626626;0.0;4.864900635635636;0.0
0.0;-7.603935295102202;0.9188261396266568;-2.140403776276276;0.0;4.888598741141141;0.0
0.0;-7.548812959089008;0.882334585803811;-2.14079138988989;0.0;4.912296846646646;0.0
0.0;-7.49357179110807;0.8460217026378984;-2.1411790035035034;0.0;4.935994952152154;0.0
0.0;-7.43820182344254;0.8099011899893441;-2.141566617117117;0.0;4.959693057657659;0.0
0.0;-7.382693088375555;0.7739867477185599;-2.1419542307307307;0.0;4.983391163163164;0.0
0.0;-7.327035618190258;0.7382920756859627;-2.1423418443443443;0.0;5.007089268668668;0.0
0.0;-7.27121944516979;0.7028308737519685;-2.142729457957958;0.0;5.0307873741741735;0.0
0.0;-7.215234601597292;0.6676168417769904;-2.1431170715715715;0.0;5.054485479679681;0.0
0.0;-7.159071797309477;0.6326630499776403;-2.143504685185185;0.0;5.078183585185186;0.0
0.0;-7.102728335501809;0.5979764414275334;-2.1438922987987987;0.0;5.101881690690691;0.0
0.0;-7.046205233793469;0.5635605074231353;-2.1382179105105106;0.0;5.100828064964965;0.0
0.0;-6.989503551438636;0.5294187005699168;-2.131956876876877;0.0;5.097379110410411;0.0
0.0;-6.932624347691485;0.49555447347334497;-2.125695843243243;0.0;5.093930155855856;0.0
0.0;-6.875568681806208;0.461971278738898;-2.1194348096096096;0.0;5.090481201301301;0.0
0.0;-6.818337613036978;0.4286725689720426;-2.113173775975976;0.0;5.087032246746746;0.0
0.0;-6.760932200637976;0.3956617967782499;-2.1069127423423426;0.0;5.083583292192192;0.0
0.0;-6.70335350386338;0.36294241476299055;-2.100651708708709;0.0;5.080134337637638;0.0
0.0;-6.645602581967367;0.3305178755317315;-2.0943906750750747;0.0;5.076685383083083;0.0
0.0;-6.587680494204127;0.298391631689951;-2.088129641441441;0.0;5.073236428528529;0.0
0.0;-6.529588299827837;0.26656713584311587;-2.0818686078078077;0.0;5.069787473973974;0.0
0.0;-6.4713270580926725;0.2350478405966971;-2.075607574174174;0.0;5.0663385194194195;0.0
0.0;-6.412897828252812;0.20383719855616186;-2.0693465405405402;0.0;5.062889564864864;0.0
0.0;-6.354301669562446;0.17293866232698796;-2.0630855069069067;0.0;5.05944061031031;0.0
0.0;-6.295539641275748;0.14235568451464248;-2.0568244732732732;0.0;5.055991655755756;0.0
0.0;-6.236612802646897;0.11209171772459628;-2.0505634396396397;0.0;5.052542701201201;0.0
0.0;-6.177522212930077;0.08215021456232005;-2.044302406006006;0.0;5.049093746646647;0.0
0.0;-6.118268931379457;0.052534627633281254;-2.038041372372372;0.0;5.045644792092092;0.0
0.0;-6.058854017249233;0.02324840954295733;-2.0317803387387383;0.0;5.0421958375375375;0.0
0.0;-5.999278529793579;-0.005704987103184442;-2.025519305105105;0.0;5.038746882982983;0.0
0.0;-5.939543528266672;-0.034322109699673156;-2.0192582714714717;0.0;5.035297928428428;0.0
0.0;-5.879650071922696;-0.06259950564103826;-2.0129972378378382;0.0;5.031848973873874;0.0
0.0;-5.819599220015821;-0.09053372232181195;-2.006736204204204;0.0;5.028400019319319;0.0
0.0;-5.7593920318002425;-0.11812130713651728;-2.0004751705705703;0.0;5.024951064764765;0.0
0.0;-5.699029566530133;-0.14535880747968669;-1.9942141369369368;0.0;5.021502110210211;0.0
0.0;-5.638512883459674;-0.17224277074584943;-1.9879531033033033;0.0;5.018053155655656;0.0
0.0;-5.5778430418430425;-0.19876974432953465;-1.9816920696696698;0.0;5.014604201101101;0.0
0.0;-5.517021100934415;-0.22493627562527463;-1.9754310360360356;0.0;5.011155246546546;0.0
0.0;-5.456048119988734;-0.2507389120303854;-1.9691700024024021;0.0;5.007706291991992;0.0
0.0;-5.39492544266729;-0.2761752593727325;-1.9629089687687686;0.0;5.004257337437438;0.0
0.0;-5.333655503438174;-0.30124698296464675;-1.9573211441441443;0.0;5.001088871171172;0.0
0.0;-5.272240998244377;-0.32595672120857117;-1.9523317275275278;0.0;4.998169727827828;0.0
0.0;-5.210684623028888;-0.35030711250695096;-1.9473423109109107;0.0;4.995250584484484;0.0
0.0;-5.148989073734711;-0.37430079526222343;-1.9423528942942943;0.0;4.9923314411411415;0.0
0.0;-5.087157046304835;-0.3979404078768339;-1.9373634776776776;0.0;4.989412297797798;0.0
0.0;-5.02519123668225;-0.4212285887532253;-1.9323740610610611;0.0;4.986493154454455;0.0
0.0;-4.9630943408099535;-0.4441679762938401;-1.9273846444444447;0.0;4.983574011111112;0.0
0.0;-4.900869054630928;-0.46676120890112355;-1.9223952278278276;0.0;4.980654867767768;0.0
0.0;-4.838518074088181;-0.4890109249775133;-1.9174058112112111;0.0;4.9777357244244245;0.0
0.0;-4.7760440951247;-0.5109197629254547;-1.9124163945945947;0.0;4.974816581081082;0.0
0.0;-4.713449813683476;-0.5324903611473902;-1.907426977977978;0.0;4.971897437737738;0.0
0.0;-4.6507379257075065;-0.553725358045763;-1.9024375613613616;0.0;4.968978294394395;0.0
0.0;-4.587911127139772;-0.5746273920230172;-1.8974481447447444;0.0;4.966059151051051;0.0
0.0;-4.524972113923283;-0.5951991014815916;-1.892458728128128;0.0;4.963140007707708;0.0
0.0;-4.461923582001026;-0.6154431248239312;-1.8874693115115115;0.0;4.960220864364365;0.0
0.0;-4.398768227315992;-0.6353621004524783;-1.882479894894895;0.0;4.957301721021022;0.0
0.0;-4.335508745811175;-0.6549586667696757;-1.8774904782782784;0.0;4.954382577677678;0.0
0.0;-4.272147833429563;-0.6742354621779686;-1.8725010616616615;0.0;4.951463434334334;0.0
0.0;-4.20868818611416;-0.693195125079795;-1.8675116450450449;0.0;4.948544290990991;0.0
0.0;-4.145132499807954;-0.7118402938775997;-1.8625222284284284;0.0;4.945625147647648;0.0
0.0;-4.081483470453938;-0.7301736069738255;-1.857532811811812;0.0;4.942706004304305;0.0
0.0;-4.017743793995104;-0.7481977027709154;-1.8525433951951955;0.0;4.939786860960961;0.0
0.0;-3.95391616637444;-0.7659152196713137;-1.8475539785785784;0.0;4.936867717617618;0.0
0.0;-3.890003283534951;-0.7833287960774592;-1.842564561961962;0.0;4.933948574274274;0.0
0.0;-3.8260078414196252;-0.8004410703917969;-1.8375751453453453;0.0;4.9310294309309315;0.0
0.0;-3.761932535971454;-0.8172546810167689;-1.8325857287287288;0.0;4.928110287587588;0.0
0.0;-3.6977800631334317;-0.8337722663548184;-1.8275963121121124;0.0;4.925191144244245;0.0
0.0;-3.6335531188485444;-0.8499964648083895;-1.8226068954954953;0.0;4.922272000900901;0.0
0.0;-3.569254399059798;-0.8659299147799215;-1.8176174788788788;0.0;4.919352857557557;0.0
0.0;-3.504886478544401;-0.881574887905931;-1.8126096828828828;0.0;4.917065025025026;0.0
0.0;-3.440450917633225;-0.896930585118016;-1.8074952864864866;0.0;4.918438795195195;0.0
0.0;-3.3759487708665783;-0.9119946763317726;-1.8023808900900904;0.0;4.9198125653653655;0.0
0.0;-3.311381089073942;-0.9267648202302444;-1.7972664936936935;0.0;4.921186335535536;0.0
0.0;-3.2467489230848194;-0.9412386754964707;-1.792152097297297;0.0;4.922560105705706;0.0
0.0;-3.1820533237286943;-0.955413900813495;-1.7870377009009009;0.0;4.923933875875876;0.0
0.0;-3.117295341835055;-0.96928815486436;-1.7819233045045046;0.0;4.925307646046046;0.0
0.0;-3.0524760282333903;-0.9828590963321071;-1.7768089081081082;0.0;4.9266814162162165;0.0
0.0;-2.9875964337531844;-0.9961243838997805;-1.7716945117117116;0.0;4.928055186386387;0.0
0.0;-2.92265760922394;-1.0090816762504196;-1.7665801153153151;0.0;4.929428956556557;0.0
0.0;-2.857660605475141;-1.0217286320670682;-1.761465718918919;0.0;4.930802726726727;0.0
0.0;-2.792606473336274;-1.0340629100327678;-1.7563513225225227;0.0;4.932176496896897;0.0
0.0;-2.7274962636368314;-1.0460821688305615;-1.7512369261261262;0.0;4.9335502670670675;0.0
0.0;-2.662331027206293;-1.0577840671434922;-1.7461225297297296;0.0;4.934924037237238;0.0
0.0;-2.5971118148741645;-1.0691662636546;-1.7410081333333332;0.0;4.936297807407407;0.0
0.0;-2.5318396774699274;-1.0802264170469276;-1.735893736936937;0.0;4.937671577577578;0.0
0.0;-2.466515665823071;-1.090962186003518;-1.7307793405405407;0.0;4.939045347747748;0.0
0.0;-2.4011408307630866;-1.1013712292074134;-1.7256649441441443;0.0;4.940419117917918;0.0
0.0;-2.3357162231194537;-1.1114512053416565;-1.7205505477477474;0.0;4.941792888088089;0.0
0.0;-2.2702428937216776;-1.121199773089288;-1.7154361513513512;0.0;4.943166658258258;0.0
0.0;-2.204721893399242;-1.130614591133351;-1.710321754954955;0.0;4.944540428428429;0.0
0.0;-2.139154272981633;-1.1396933181568871;-1.7052073585585585;0.0;4.945914198598599;0.0
0.0;-2.073541083298336;-1.1484336128429407;-1.7000929621621619;0.0;4.947287968768769;0.0
0.0;-2.007883375178854;-1.156833133874551;-1.6949785657657654;0.0;4.94866173893894;0.0
0.0;-1.942182199452668;-1.1648895399347619;-1.6898641693693692;0.0;4.950035509109109;0.0
0.0;-1.876438606949269;-1.1726004897066151;-1.684749772972973;0.0;4.95140927927928;0.0
0.0;-1.8106536484981455;-1.1799636418731532;-1.6796353765765766;0.0;4.95278304944945;0.0
0.0;-1.7448283749287807;-1.1869766551174188;-1.67452098018018;0.0;4.95415681961962;0.0
0.0;-1.6789638370706783;-1.193637188122453;-1.6694065837837835;0.0;4.95553058978979;0.0
0.0;-1.6130610857692271;-1.1999428995839374;-1.6642921873873873;0.0;4.95690435995996;0.0
0.0;-1.5471213923025107;-1.2058916233432524;-1.658713877077077;0.0;4.955666028028029;0.0
0.0;-1.4811468021575855;-1.2114818083927077;-1.6529928240240241;0.0;4.953623972372373;0.0
0.0;-1.4151395307016803;-1.2167120387036074;-1.6472717709709706;0.0;4.951581916716717;0.0
0.0;-1.3491017933020437;-1.2215808982472558;-1.6415507179179176;0.0;4.949539861061061;0.0
0.0;-1.283035805325904;-1.226086970994957;-1.6358296648648647;0.0;4.947497805405406;0.0
0.0;-1.2169437821404967;-1.2302288409180164;-1.6301086118118118;0.0;4.94545574974975;0.0
0.0;-1.150827939113056;-1.2340050919877377;-1.6243875587587588;0.0;4.943413694094095;0.0
0.0;-1.0846904916108098;-1.237414308175426;-1.6186665057057055;0.0;4.941371638438438;0.0
0.0;-1.0185336550010085;-1.240455073452385;-1.6129454526526525;0.0;4.939329582782783;0.0
0.0;-0.9523596446508789;-1.2431259717899195;-1.6072243995995996;0.0;4.937287527127127;0.0
0.0;-0.8861706759276569;-1.245425587159334;-1.6015033465465467;0.0;4.935245471471472;0.0
0.0;-0.8199689641985772;-1.2473525035319324;-1.5957822934934938;0.0;4.933203415815816;0.0
0.0;-0.7537567248308676;-1.2489053048790204;-1.5900612404404402;0.0;4.93116136016016;0.0
0.0;-0.6875361731917773;-1.2500825751719011;-1.5843401873873872;0.0;4.929119304504504;0.0
0.0;-0.6213095246485351;-1.2508828983818794;-1.5786191343343343;0.0;4.927077248848849;0.0
0.0;-0.5550789945683752;-1.2513048584802602;-1.5728980812812814;0.0;4.925035193193193;0.0
0.0;-0.48884679831853317;-1.2513470394383475;-1.5671770282282285;0.0;4.922993137537538;0.0
0.0;-0.4226151512662362;-1.2510080252274454;-1.5614559751751749;0.0;4.920951081881881;0.0
0.0;-0.35638626877873447;-1.250286399818859;-1.555734922122122;0.0;4.918909026226226;0.0
0.0;-0.29016236622325564;-1.249180747183893;-1.550013869069069;0.0;4.91686697057057;0.0
0.0;-0.22394565896703492;-1.2476896512938507;-1.544292816016016;0.0;4.914824914914915;0.0
0.0;-0.15773836237730685;-1.2458116961200374;-1.5385717629629632;0.0;4.912782859259259;0.0
0.0;-0.09154269182129973;-1.2435454656337572;-1.5328507099099098;0.0;4.910740803603604;0.0
0.0;-0.025360862666263084;-1.240889543806315;-1.5271296568568569;0.0;4.908698747947947;0.0
0.0;0.0408049097205756;-1.2378425146090144;-1.521408603803804;0.0;4.906656692292292;0.0
0.0;0.1069524099719808;-1.2344029620131611;-1.515687550750751;0.0;4.904614636636636;0.0
0.0;0.1730794227207178;-1.2305694699900587;-1.509966497697698;0.0;4.902572580980981;0.0
0.0;0.2391837325995588;-1.2263406225110112;-1.5042454446446445;0.0;4.900530525325325;0.0
0.0;0.3052631242412538;-1.2217150035473239;-1.4985243915915916;0.0;4.898488469669669;0.0
0.0;0.37131536390620745;-1.2166912187653534;-1.4926013843843844;0.0;4.895360617317317;0.0
0.0;0.43733791025499885;-1.2112682370614096;-1.4863521435435438;0.0;4.890478785685685;0.0
0.0;0.5033279672356967;-1.2054453281096533;-1.480102902702703;0.0;4.885596954054054;0.0
0.0;0.5692827311196343;-1.1992217706493458;-1.4738536618618616;0.0;4.880715122422422;0.0
0.0;0.6351993981781228;-1.192596843419749;-1.467604421021021;0.0;4.875833290790791;0.0
0.0;0.7010751646824956;-1.1855698251601237;-1.4613551801801803;0.0;4.8709514591591585;0.0
0.0;0.7669072269040785;-1.178139994609732;-1.4551059393393395;0.0;4.866069627527527;0.0
0.0;0.8326927811141971;-1.1703066305078336;-1.448856698498499;0.0;4.861187795895896;0.0
0.0;0.898429023584185;-1.1620690115936905;-1.4426074576576575;0.0;4.856305964264264;0.0
0.0;0.9641131505853531;-1.153426416606565;-1.4363582168168167;0.0;4.851424132632633;0.0
0.0;1.029742358389035;-1.1443781242857178;-1.430108975975976;0.0;4.8465423010010005;0.0
0.0;1.0953138432665563;-1.1349234133704103;-1.4238597351351354;0.0;4.841660469369369;0.0
0.0;1.1608248014892426;-1.125061562599903;-1.4176104942942946;0.0;4.836778637737738;0.0
0.0;1.2262724293284275;-1.1147918507134569;-1.4113612534534532;0.0;4.831896806106106;0.0
0.0;1.2916539230554218;-1.1041135564503353;-1.4051120126126126;0.0;4.827014974474474;0.0
0.0;1.3569664789415596;-1.0930259585497986;-1.3988627717717719;0.0;4.8221331428428424;0.0
0.0;1.422207293258166;-1.0815283357511074;-1.392613530930931;0.0;4.817251311211211;0.0
0.0;1.4873735622765667;-1.069619966793524;-1.3863642900900905;0.0;4.81236947957958;0.0
0.0;1.552462482268096;-1.0573001304163079;-1.380115049249249;0.0;4.807487647947948;0.0
0.0;1.6174712495040635;-1.0445681053587226;-1.3738658084084083;0.0;4.802605816316316;0.0
0.0;1.6823970602558038;-1.031423170360029;-1.3676165675675676;0.0;4.797723984684684;0.0
0.0;1.7472371107946425;-1.0178646041594877;-1.361367326726727;0.0;4.792842153053053;0.0
0.0;1.8119885973919116;-1.0038916854963584;-1.3551180858858856;0.0;4.787960321421421;0.0
0.0;1.8766487163189236;-0.989503693109906;-1.3488688450450448;0.0;4.783078489789789;0.0
0.0;1.9412146638470116;-0.9746999057393899;-1.342619604204204;0.0;4.778196658158158;0.0
0.0;2.0056836362475012;-0.9594796021240715;-1.3363703633633635;0.0;4.773314826526526;0.0
0.0;2.070052829791718;-0.9438420610032123;-1.3301211225225227;0.0;4.768432994894895;0.0
0.0;2.1343194407509953;-0.9277865611160717;-1.3238718816816812;0.0;4.763551163263263;0.0
0.0;2.1984806653966453;-0.9113123812019143;-1.3176226408408407;0.0;4.758669331631631;0.0
0.0;2.2625337000000005;-0.8944188000000001;-1.3113734;0.0;4.7537875;0.0
