s_m;x_m;y_m;psi_rad;kappa_radpm;vx_mps;ax_mps2
0.0;2.0;0.0;-0.6118406721781398;-0.0228061955422163;1.0;0.0
0.10000000149011612;2.122686885543751;-0.08628833353741899;-0.6140336462687142;-0.0210623349994421;1.0;0.0
0.20000000298023224;2.245186135301379;-0.17283088266615518;-0.6160525747965462;-0.019317468628287315;1.0;0.0
0.3000000119209289;2.3675133101263373;-0.25960655428747015;-0.6178969809244776;-0.01757178269326687;1.0;0.0
0.4000000059604645;2.489683934253131;-0.34659422966176073;-0.6195663878153468;-0.015825433656573296;1.0;0.0
0.5;2.6117136413975155;-0.4337728675084286;-0.6210612723063136;-0.01407855935394764;1.0;0.0
0.6000000238418579;2.7336179743789084;-0.5211213615149352;-0.622381634397378;-0.012331271544098854;1.0;0.0
0.699999988079071;2.8554125126356786;-0.6086186310096071;-0.6235269972513819;-0.0105836633592844;1.0;0.0
0.800000011920929;2.9771127613666977;-0.6962435454694686;-0.6244978377054835;-0.008835813961923122;1.0;0.0
0.8999999761581421;3.0987344096668643;-0.7839751014315262;-0.6252936789225245;-0.007087784819304943;1.0;0.0
1.0;3.220292854080116;-0.8717920897336964;-0.6259149977396632;-0.005339625757187605;1.0;0.0
1.100000023841858;3.341803856939253;-0.959673558194716;-0.6263613173197413;-0.0035913779865950346;1.0;0.0
1.2000000476837158;3.463282739947757;-1.0475982486594557;-0.6266331144999171;-0.0018430746858939528;1.0;0.0
1.299999952316284;3.584745339076966;-1.1355452596562103;-0.6267299124430323;-9.474419493926688e-05;1.0;0.0
1.399999976158142;3.706206978434194;-1.2234933295968247;-0.6266521879862452;0.0016535876784473655;1.0;0.0
1.5;3.827683417547772;-1.311421510305233;-0.6263994642923976;0.003401895286515355;1.0;0.0
1.600000023841858;3.9491901270008123;-1.3993086427567387;-0.6259717413614894;0.0051501505076885215;1.0;0.0
1.7000000476837158;4.070742724653508;-1.4871336693457635;-0.6253694960306788;0.006898320745676756;1.0;0.0
1.799999952316284;4.192356821955833;-1.5748755416214661;-0.6245927282999659;0.008646367117762566;1.0;0.0
1.899999976158142;4.314047745418933;-1.662512994562665;-0.6236409613321925;0.010394238866865633;1.0;0.0
2.0;4.4358314026494945;-1.750025180268069;-0.6225141951273585;0.0121418759226799;1.0;0.0
2.0999999046325684;4.557723115350996;-1.8373908405825485;-0.6212129065226222;0.013889201916754244;1.0;0.0
2.200000047683716;4.679738354907832;-1.924588815337067;-0.6197370955179835;0.015636127442121502;1.0;0.0
2.299999952316284;4.801893027324132;-2.0115982589190162;-0.6180862852762843;0.017382537946105003;1.0;0.0
2.400000095367432;4.924202457508486;-2.0983979085958997;-0.6162609526346827;0.019128303974866867;1.0;0.0
2.5;5.046682260115979;-2.1849667113395075;-0.6142610975931788;0.02087326720356941;1.0;0.0
2.5999999046325684;5.169348051404246;-2.271283611832944;-0.6120867201517726;0.022617246955633163;1.0;0.0
2.700000047683716;5.292215446028373;-2.3573275570480012;-0.6097378123839681;0.02436003088951111;1.0;0.0
2.799999952316284;5.41529976889695;-2.4430772842521806;-0.6072145701208447;0.026101380586624146;1.0;0.0
2.900000095367432;5.538616926014106;-2.528511947832875;-0.6045170627356802;0.027841016650199887;1.0;0.0
3.0;5.662182242288434;-2.613610285057588;-0.6016454147928689;0.02957863360643387;1.0;0.0
3.0999999046325684;5.786011333977571;-2.698351240609425;-0.5985997729757164;0.031313881278038025;1.0;0.0
3.200000047683716;5.910119814134046;-2.7827137637488595;-0.59538030631927;0.03304637596011162;1.0;0.0
3.299999952316284;6.034523007666451;-2.8666765917433956;-0.5919872141265605;0.034775685518980026;1.0;0.0
3.400000095367432;6.159237116735622;-2.950219079529975;-0.5884207236402963;0.03650134056806564;1.0;0.0
3.5;6.284276875539289;-3.0333195609883177;-0.5846810965621208;0.038222819566726685;1.0;0.0
3.5999999046325684;6.4096584878408445;-3.1159573887666805;-0.5807686309152578;0.03993956372141838;1.0;0.0
3.700000047683716;6.535397276145048;-3.1981113035655944;-0.5766836619758342;0.041650954633951194;1.0;0.0
3.799999952316284;6.661508855106983;-3.2797602523568474;-0.5724265678608154;0.04335632920265198;1.0;0.0
3.900000095367432;6.788008548833963;-3.360882973552286;-0.5679977788412307;0.04505496844649314;1.0;0.0
4.0;6.914912265733951;-3.4414586181062763;-0.5633977680289481;0.04674610123038292;1.0;0.0
4.099999904632568;7.042705469458896;-3.5205226473266267;-0.537661987432215;0.4681809544563293;1.0;0.0
4.199999809265137;7.173753017244406;-3.593336583298254;-0.4695284246289466;0.8950226306915283;1.0;0.0
4.300000190734863;7.310519118665109;-3.654755068567426;-0.3755762158715461;0.8918749690055846;1.0;0.0
4.400000095367432;7.452544787850137;-3.7038498997802196;-0.2919285028063987;0.7799856066703795;1.0;0.0
4.5;7.598024158944083;-3.7416413577544043;-0.2167923181140159;0.7512430548667908;1.0;0.0
4.599999904632568;7.745760315835624;-3.768327439336825;-0.14013031412002785;0.7806121706962585;1.0;0.0
4.699999809265137;7.895079447126533;-3.7833989747513437;-0.06075233507988198;0.7960137724876403;1.0;0.0
4.800000190734863;8.04519518165193;-3.7865636616927447;0.01844489287498252;0.7869715690612794;1.0;0.0
4.900000095367432;8.19512348086014;-3.77789130480096;0.09706359814765708;0.7838741540908812;1.0;0.0
5.0;8.343888892430051;-3.7574905737311046;0.17549645613792197;0.7834773659706116;1.0;0.0
5.099999904632568;8.49058261579175;-3.725492168543059;0.2541048498070504;0.7875178456306458;1.0;0.0
5.199999809265137;8.634309871158871;-3.6820541519349153;0.33283161830070274;0.7847866415977478;1.0;0.0
5.300000190734863;8.774187723336501;-3.627459829951939;0.4114227266228463;0.7858577966690062;1.0;0.0
5.400000095367432;8.90934082215059;-3.562041532602491;0.4901266069329049;0.784760594367981;1.0;0.0
5.5;9.03893778618545;-3.4862122021874806;0.5686839790261056;0.7852072715759277;1.0;0.0
5.599999904632568;9.162176356345492;-3.4004367157986723;0.6474105091011788;0.7854352593421936;1.0;0.0
5.699999809265137;9.27829546521794;-3.305242082709479;0.725976225844648;0.7847034335136412;1.0;0.0
5.800000190734863;9.386579967906766;-3.201223158147136;0.8046815366661813;0.7862215638160706;1.0;0.0
5.900000095367432;9.486354039226857;-3.0890146627670108;0.8832735986626412;0.784438967704773;1.0;0.0
6.0;9.577010877901838;-2.969319840250104;0.9619314641869332;0.7872679233551025;1.0;0.0
6.099999904632568;9.657976126589011;-2.842867926136945;1.040574547759321;0.7844114899635315;1.0;0.0
6.199999809265137;9.728766169855684;-2.7104506026799493;1.1191762657082345;0.7864414453506469;1.0;0.0
6.300000190734863;9.788927127160523;-2.5728781898115396;1.1978731126702096;0.7846221327781677;1.0;0.0
6.400000095367432;9.838100813611778;-2.431006403420139;1.276443240157393;0.7856042981147766;1.0;0.0
6.5;9.875972944665271;-2.285710565881611;1.3551679820931222;0.7850678563117982;1.0;0.0
6.599999904632568;9.902314665813586;-2.137887399022288;1.4337235660469796;0.7848623991012573;1.0;0.0
6.699999809265137;9.916966175558052;-1.9884509787117524;1.512431499472883;0.7856783270835875;1.0;0.0
6.800000190734863;9.919828786846002;-1.8383241201402556;1.5910185546791817;0.784885823726654;1.0;0.0
6.900000095367432;9.910890415683884;-1.6884431276473295;1.6697610587990548;0.7872425317764281;1.0;0.0
7.0;9.890193385938867;-1.5397339416521367;1.7483483524239327;0.7833278179168701;1.0;0.0
7.099999904632568;9.857899064067912;-1.3930884162617385;1.826772329322126;0.7838254570960999;1.0;0.0
7.199999809265137;9.814197410306477;-1.2494062028380433;1.9054051608956124;0.7874544262886046;1.0;0.0
7.300000190734862;9.759319627854556;-1.1096490116867148;1.9846883983528887;0.7972978949546814;1.0;0.0
7.400000095367431;9.69353814434289;-0.9747633238861382;2.064018127433088;0.77873295545578;1.0;0.0
7.5;9.61742406951329;-0.8453551019654162;2.140406486502913;0.7475814819335938;1.0;0.0
7.599999904632568;9.531695465118007;-0.721869072635478;2.215495225898054;0.7852874994277954;1.0;0.0
7.699999809265136;9.436511972402315;-0.6055936091231642;2.3000615806496407;0.9050520658493042;1.0;0.0
7.800000190734862;9.331475163403237;-0.49866272348531293;2.3949118823921944;0.8790828585624695;1.0;0.0
7.900000095367431;9.21781206290514;-0.40090525181179704;2.460087177268293;0.42521676421165466;1.0;0.0
8.0;9.099790023666502;-0.30784103762997006;2.4802011222756173;-0.022627785801887512;1.0;0.0
8.100000381469727;8.982001026533029;-0.21452568400634364;2.4555348129189287;-0.4711014032363892;1.0;0.0
8.199999809265137;8.869037433126698;-0.11601549721286242;2.3857685298836495;-0.9247907996177672;1.0;0.0
8.300000190734863;8.765009938195414;-0.008051557581781221;2.29093038748863;-0.8922509551048279;1.0;0.0
8.399999618530273;8.67080388403253;0.10905181964919741;2.2075597019112374;-0.77400803565979;1.0;0.0
8.5;8.586026059280698;0.2331718135391383;2.132790443412092;-0.7506599426269531;1.0;0.0
8.600000381469727;8.510927094320293;0.36315498485440534;2.0560921401894356;-0.7819629311561584;1.0;0.0
8.699999809265137;8.446233607887002;0.49857069803841814;1.9765943260109688;-0.796018362045288;1.0;0.0
8.800000190734863;8.392478938716057;0.6387708945723674;1.8974043102181222;-0.7868074178695679;1.0;0.0
8.899999618530273;8.349925404872064;0.7827965259366372;1.8188065261757638;-0.7835730910301208;1.0;0.0
9.0;8.318799786411457;0.9296920350251319;1.7403866023934151;-0.7835254669189453;1.0;0.0
9.100000381469727;8.299289846736682;1.0785614916300434;1.6617578239357735;-0.7878803610801696;1.0;0.0
9.199999809265137;8.291549832425662;1.2285097319600196;1.5830427379524972;-0.7847355604171754;1.0;0.0
9.300000190734863;8.295609732684845;1.3786094110089842;1.5044449539101388;-0.7860404849052429;1.0;0.0
9.399999618530272;8.31145418209797;1.5279239026162341;1.4257479877388741;-0.7846617102622986;1.0;0.0
9.5;8.338973917269238;1.6755321216475219;1.3471879930413033;-0.7853597998619078;1.0;0.0
9.600000381469727;8.37800597257951;1.8205204614422144;1.2684609861290728;-0.785281002521515;1.0;0.0
9.699999809265137;8.428309276770872;1.9619959520216086;1.1898982496178414;-0.7847973704338074;1.0;0.0
9.800000190734863;8.48956755298508;2.099082919711117;1.1111860246575143;-0.7860136628150941;1.0;0.0
9.899999618530272;8.561411147001651;2.2309317149091785;1.0326023073113229;-0.7844790816307069;1.0;0.0
10.0;8.643383922491148;2.356733160620203;0.9539308519280221;-0.7870066165924072;1.0;0.0
10.100000381469727;8.734993153043725;2.4757006444176097;0.8753015966332223;-0.7843966484069824;1.0;0.0
10.199999809265137;8.835658842150387;2.5871099708051544;0.7966890306389596;-0.786673903465271;1.0;0.0
10.300000190734863;8.944771171194084;2.6902604454495416;0.7180021972573067;-0.7845535278320312;1.0;0.0
10.399999618530272;9.061645534115087;2.784526006482325;0.6394264669335152;-0.7857847809791566;1.0;0.0
10.5;9.185565335998152;2.869313468865185;0.5607053012764718;-0.784940481185913;1.0;0.0
10.600000381469727;9.315763365728282;2.944107001373791;0.482150074950483;-0.7849814891815186;1.0;0.0
10.699999809265137;9.45143503533586;3.008444012486045;0.40343856524589317;-0.7855165600776672;1.0;0.0
10.800000190734863;9.591743771643682;3.0619209799365312;0.3248549671089913;-0.7849804759025573;1.0;0.0
10.899999618530272;9.735811935983321;3.104208540459824;0.2461017341530587;-0.7869398593902589;1.0;0.0
11.0;9.882756272554662;3.135035400242212;0.16753369282844321;-0.7832460999488831;1.0;0.0
11.100000381469727;10.031682116252862;3.1542517659348928;0.08910590123298423;-0.7839685678482055;1.0;0.0
11.199999809265137;10.1816773433953;3.161729673643136;0.010454174987104103;-0.7878027558326721;1.0;0.0
11.300000190734863;10.331755181124661;3.1573567564138445;-0.06887811709282143;-0.7979606986045836;1.0;0.0
11.399999618530272;10.480939060054313;3.1410763707009;-0.14810681630012734;-0.777120292186737;1.0;0.0
11.5;10.628476831806125;3.1132396700967844;-0.2243410377585624;-0.746051549911499;1.0;0.0
11.600000381469727;10.77369682278897;3.0743588774825867;-0.2996440856539939;-0.7909921407699586;1.0;0.0
11.699999809265137;10.915285260497736;3.024079083868179;-0.38481304336426003;-0.9114988446235656;1.0;0.0
11.800000190734863;11.05137688004815;2.9613007893775753;-0.4794473676764701;-0.8561487197875975;1.0;0.0
11.899999618530272;11.181891199435688;2.8874940039172876;-0.5423271014177535;-0.40230998396873474;1.0;0.0
12.0;11.309643311884463;2.808290234601765;-0.5601662686848377;0.04525762051343918;1.0;0.0
12.100000381469727;11.437707005748281;2.7296960550257445;-0.5332218809807037;0.49407809972763056;1.0;0.0
12.199999809265137;11.569157944392789;2.6577175990525697;-0.46116115439769967;0.9475472569465635;1.0;0.0
12.300000190734863;11.706499428126062;2.5975410873651454;-0.36655016530391915;0.8858985304832457;1.0;0.0
12.399999618530272;11.84897552026273;2.5496643985519505;-0.2837726204478477;0.7684338092803955;1.0;0.0
12.5;11.994736544956345;2.51300593165415;-0.2091088621699546;0.7522081732749939;1.0;0.0
12.600000381469727;12.142659788863579;2.48746992132914;-0.13225463319656594;0.783579647541046;1.0;0.0
12.699999809265137;12.29209602444411;2.473595658699435;-0.05268961478111489;0.7954017519950866;1.0;0.0
12.800000190734863;12.442238302523087;2.4716373285540545;0.026455995551374123;0.786508798599243;1.0;0.0
12.899999618530272;12.592093466695054;2.481507116567088;0.10503744792106406;0.7834638953208923;1.0;0.0
13.0;12.740689803152502;2.5030917161515713;0.18345707368018882;0.7836413979530334;1.0;0.0
13.100000381469727;12.88712262930504;2.536258826269929;0.2621086211121346;0.7881585955619811;1.0;0.0
13.199999809265137;13.030499035933456;2.580844326598564;0.3408070177948739;0.7846800088882446;1.0;0.0
13.300000190734863;13.169936818701872;2.6365534847638523;0.41941213320853965;0.786240816116333;1.0;0.0
13.399999618530272;13.304563318511068;2.703049084938324;0.49810123156669395;0.784580111503601;1.0;0.0
13.5;13.433551159161702;2.7799089407389292;0.576665398589399;0.7855244278907776;1.0;0.0
13.600000381469727;13.556100322607525;2.8666663875827574;0.655391213408735;0.785138189792633;1.0;0.0
13.699999809265137;13.671456603082197;2.962784263477918;0.7339521617806222;0.7849038839340211;1.0;0.0
13.800000190734863;13.77890686213456;3.067664343645781;0.8126697511589791;0.7858183979988098;1.0;0.0
13.899999618530272;13.877782429785519;3.1806659149900005;0.8912463159477975;0.784531831741333;1.0;0.0
14.0;13.967480547125989;3.3010802838354536;0.9699298114693429;0.7867575883865356;1.0;0.0
14.100000381469727;14.047434605595875;3.428174316926161;1.0485464305794503;0.7843944430351257;1.0;0.0
14.199999809265137;14.117165471861167;3.5611527570274193;1.1271712751305367;0.7869186401367188;1.0;0.0
14.300000190734863;14.176226120569558;3.69920135731779;1.2058465452111031;0.784497559070587;1.0;0.0
14.399999618530272;14.224266320738822;3.8414607971450145;1.2844291896736886;0.7859776616096495;1.0;0.0
14.5;14.260975918624737;3.9870541714650027;1.3631452293312813;0.7848255634307861;1.0;0.0
14.600000381469727;14.286138511074851;4.135082588664027;1.441701290122297;0.785112977027893;1.0;0.0
14.699999809265137;14.299595878650734;4.284631738268031;1.5204149455940987;0.7853677272796631;1.0;0.0
14.800000190734863;14.30126099462456;4.434776752601611;1.5989962787544991;0.7850881218910217;1.0;0.0
14.899999618530272;14.291125114772615;4.5845798619592415;1.6777583331978585;0.786648154258728;1.0;0.0
15.0;14.269242195025331;4.733120515136824;1.7563081951058175;0.7831758260726928;1.0;0.0
15.100000381469727;14.235780750588294;4.879507091415803;1.8347409934914376;0.784053087234497;1.0;0.0
15.199999809265137;14.190934198161038;5.022834899693969;1.9134126872933175;0.7881675362586974;1.0;0.0
15.300000190734863;14.13493526404869;5.162139416843912;1.9927953452980782;0.7986387610435485;1.0;0.0
15.399999618530272;14.068072989946401;5.296489160057975;2.0719116897499825;0.7755095958709716;1.0;0.0
15.5;13.990950953388241;5.4253183005682235;2.1479924888527657;0.7445281147956848;1.0;0.0
15.600000381469727;13.904272768809498;5.548157737725845;2.2235461444771554;0.7967396378517152;1.0;0.0
15.699999809265137;13.808107439619082;5.663582171996714;2.309321043006209;0.9179750084877014;1.0;0.0
15.800000190734863;13.702070281357551;5.769477219081173;2.4035910339272286;0.8331718444824218;1.0;0.0
15.899999618530272;13.587755963986258;5.8665328595644315;2.4641753406441476;0.3794272243976593;1.0;0.0
16.0;13.46954788375239;5.959396847711719;2.479740497580793;-0.06789153814315796;1.0;0.0
16.100000381469727;13.352039427912532;6.053014342009089;2.4505170555031563;-0.5170765519142151;1.0;0.0
16.200000762939453;13.239822635659497;6.15232795220288;2.3761626453316476;-0.9702263474464417;1.0;0.0
16.299999237060547;13.136808584379985;6.26131463235012;2.2819260330117013;-0.8795794844627379;1.0;0.0
16.399999618530273;13.043575102247035;6.379224009060939;2.1997381420052315;-0.7629036307334901;1.0;0.0
16.5;12.959751454039644;6.5039659841488895;2.1251441211617257;-0.7537620067596436;1.0;0.0
16.600000381469727;12.885675245167574;6.634520060667459;2.0481334896004464;-0.7851971983909608;1.0;0.0
16.700000762939453;12.822075057811027;6.770459030654583;1.968512174598005;-0.7948007583618163;1.0;0.0
16.799999237060547;12.769446049444799;6.911092153698554;1.8894094200051095;-0.7862267494201661;1.0;0.0
16.899999618530273;12.728043095217313;7.055451622209317;1.8108433456337716;-0.783366024494171;1.0;0.0
17.0;12.69808855204143;7.202588032280343;1.7324229450142647;-0.7837687134742736;1.0;0.0
17.100000381469727;12.679767165978927;7.351608003051529;1.6537495822823312;-0.7878624200820922;1.0;0.0
17.200000762939453;12.673225302176114;7.501614467458105;1.575067874900129;-0.784637451171875;1.0;0.0
17.299999237060547;12.678482460712996;7.651676947067046;1.4964541168129708;-0.7864539623260498;1.0;0.0
17.399999618530273;12.695518529992619;7.800859519531082;1.4177743167794015;-0.7845109701156616;1.0;0.0
17.5;12.724215193989147;7.948244382354636;1.3392047853386666;-0.7857013940811157;1.0;0.0
17.600000381469727;12.764403978742198;8.092915673696956;1.2604815931237008;-0.7850079536437987;1.0;0.0
17.700000762939453;12.815833910986585;8.233985610707403;1.1819212407982613;-0.7850230932235717;1.0;0.0
17.799999237060547;12.878185754870515;8.37057928187194;1.1031997175133492;-0.7856355905532837;1.0;0.0
17.899999618530273;12.951078635580053;8.501850965086005;1.024629232398298;-0.7845972180366515;1.0;0.0
18.0;13.034052871889;8.626992655768383;0.9459351272499825;-0.7865208983421325;1.0;0.0
18.100000381469727;13.12660917575807;8.745225828659018;0.8673298330223824;-0.7844048738479614;1.0;0.0
18.200000762939453;13.228160548709445;8.855828135011905;0.7886916370308663;-0.7871756553649902;1.0;0.0
18.299999237060543;13.33809333488571;8.958104623439489;0.7100292415535714;-0.7844542860984801;1.0;0.0
18.399999618530277;13.455715604437147;9.05143436024629;0.631438610068586;-0.7861830592155457;1.0;0.0
18.5;13.580308595093058;9.135229170656707;0.5527292461312081;-0.7847231030464172;1.0;0.0
18.600000381469727;13.711099354616671;9.208982482419339;0.47417103957298057;-0.7852568626403807;1.0;0.0
18.700000762939453;13.84728054117175;9.27223275912423;0.3954566688454415;-0.7852318286895752;1.0;0.0
18.799999237060543;13.988011012873692;9.324589282375626;0.31687617015006797;-0.785208761692047;1.0;0.0
18.899999618530277;14.13241236950151;9.365724095318976;0.23810761880042808;-0.786367356777191;1.0;0.0
19.0;14.27959795835411;9.395377887502566;0.1595744461930062;-0.7831169962882996;1.0;0.0
19.100000381469727;14.428675283506053;9.413408951528131;0.0811362833893563;-0.7841044068336487;1.0;0.0
19.200000762939453;14.57872395906682;9.419688123432952;0.0024430127060677265;-0.7885487675666809;1.0;0.0
19.299999237060543;14.728754517267589;9.414106669593362;-0.07699168015358193;-0.7993319630622863;1.0;0.0
19.399999618530277;14.877800880280102;9.396628541507887;-0.1559843151652549;-0.7739009857177734;1.0;0.0
19.5;15.025136453982327;9.367650740606342;-0.2319120793425773;-0.7430114150047302;1.0;0.0
19.600000381469727;15.170066239269547;9.32765467150472;-0.30775317836639626;-0.8025295734405516;1.0;0.0
19.700000762939453;15.311180816753508;9.276155062359011;-0.394136968144152;-0.9244794845581055;1.0;0.0
19.799999237060543;15.446640181638472;9.21208973544863;-0.487893770524237;-0.8101595640182494;1.0;0.0
19.899999618530277;15.57673419444037;9.137461345643459;-0.546183194109175;-0.3565683662891388;1.0;0.0
20.0;15.704377288766944;9.058045766849471;-0.55947543967602;0.09053154289722441;1.0;0.0
20.100000381469727;15.832644717730009;8.979848547026819;-0.5279715089881156;0.540095329284668;1.0;0.0
20.200000762939453;15.964610797239438;8.908877636703545;-0.45132455516693337;0.9928179383277891;1.0;0.0
20.299999237060543;16.10256004439804;8.850001813722741;-0.3576089470469688;0.873294711112976;1.0;0.0
20.399999618530277;16.245450516641007;8.803308003925618;-0.2760073571288322;0.757417619228363;1.0;0.0
20.5;16.391464303316713;8.76775872474267;-0.20144719172355874;0.7553213238716124;1.0;0.0
20.600000381469727;16.539571407232977;8.743381894145495;-0.12427965093490823;0.7868152856826782;1.0;0.0
20.700000762939453;16.68912078418478;8.730715455800862;-0.04461348343727334;0.7942153811454773;1.0;0.0
20.799999237060543;16.8392796955287;8.729961799195777;0.034447965136792824;0.7859614491462708;1.0;0.0
20.899999618530277;16.989049886163876;8.741027075322975;0.1129995555794503;0.7832795977592467;1.0;0.0
21.0;17.137467669278244;8.763793230198823;0.19142210196616904;0.7839073538780211;1.0;0.0
21.100000381469727;17.283630764849306;8.79812889998767;0.27011519383552374;0.7875788807868956;1.0;0.0
21.200000762939453;17.426646965039343;8.843857248928913;0.34878140401008384;0.7846079468727111;1.0;0.0
21.299999237060543;17.56563611556567;8.900677743356074;0.42740499686363;0.7866799235343933;1.0;0.0
21.399999618530277;17.699727197128453;8.968246780245632;0.5060741872704293;0.784454345703125;1.0;0.0
21.5;17.82809816439628;9.046132328338427;0.584650394431379;0.7858906984329223;1.0;0.0
21.600000381469727;17.949950757032504;9.133866492290036;0.6633691759026314;0.7848902940750122;1.0;0.0
21.700000762939453;18.064536861691273;9.230900858821574;0.7419303626930978;0.7851548194885254;1.0;0.0
21.799999237060543;18.17114550788487;9.33663655829611;0.8206541509545113;0.7854652404785155;1.0;0.0
21.899999618530277;18.26911693087644;9.450423149435437;0.8992201061165597;0.7846752405166627;1.0;0.0
22.0;18.357849719212663;9.571550121899717;0.9779231519615914;0.7862964868545533;1.0;0.0
22.100000381469727;18.436787224687833;9.699277368117752;1.0565183133995797;0.7844280004501343;1.0;0.0
22.200000762939453;18.50545423964096;9.832807755234997;1.1351711721337105;0.7873483896255493;1.0;0.0
22.299999237060543;18.56341141441646;9.971324281347432;1.2138190240776812;0.7844236493110656;1.0;0.0
22.399999618530277;18.610315138616652;10.113962116853536;1.292419073096541;0.786400556564331;1.0;0.0
22.5;18.6458608251857;10.259844824702206;1.371120211592939;0.7846332788467406;1.0;0.0
22.600000381469727;18.669842676183848;10.408068706927919;1.4496818752205636;0.7854147553443908;1.0;0.0
22.700000762939453;18.682103878583547;10.557720214609182;1.5283955306923653;0.7851089835166931;1.0;0.0
22.799999237060543;18.682571878803554;10.707873950690555;1.6069761485970284;0.7853362560272216;1.0;0.0
22.899999618530277;18.67123869417273;10.857590739055638;1.6857486934578683;0.7860930562019347;1.0;0.0
23.0;18.648172637073845;11.005953073494613;1.7642668456948067;0.783091127872467;1.0;0.0
23.100000381469727;18.61354562143743;11.152070446140206;1.8427146644509103;0.7842113971710205;1.0;0.0
23.200000762939453;18.56755534093478;11.295034297956313;1.9214295120156075;0.7888786792755128;1.0;0.0
23.299999237060543;18.510438388588945;11.433875651978436;2.0009049148476388;0.7998406291007996;1.0;0.0
23.399999618530277;18.442503204719653;11.567686988474977;2.0797592372811105;0.7724786400794984;1.0;0.0
23.5;18.36438102830144;11.695932007226475;2.155577775946882;0.7421848773956298;1.0;0.0
23.600000381469727;18.27674857266573;11.818101941815922;2.231782314292219;0.8080097436904907;1.0;0.0
23.700000762939453;18.179595661014925;11.932649682582845;2.318647739402082;0.9287344813346863;1.0;0.0
23.799999237060543;18.072588598275594;12.03753865365887;2.411517021170881;0.7870641946792601;1.0;0.0
23.899999618530277;17.957682080412525;12.133965523986461;2.4678655834114815;0.34080833196640015;1.0;0.0
24.0;17.839282593366065;12.22659855322685;2.4813636512673165;0.012325634248554707;1.0;0.0
24.100000381469727;17.720471399884453;12.318734012990953;2.4825993747628;0.012332242913544178;1.0;0.0
24.200000762939453;17.60156467256604;12.410709343100311;2.4838355750954415;0.012338688597083092;1.0;0.0
24.299999237060543;17.482560712048354;12.502523987129285;2.4850722522652413;0.012344970367848871;1.0;0.0
24.399999618530277;17.36346033883907;12.594179116884263;2.4863094062721993;0.012351087294518948;1.0;0.0
24.5;17.24426243947891;12.685673765685772;2.4875470371163155;0.012357040308415888;1.0;0.0
24.600000381469727;17.124967541523947;12.777009310467127;2.48878514479759;0.012362826615571976;1.0;0.0
24.700000762939453;17.00557453151492;12.868184784548852;2.4900234908974435;0.012368448078632355;1.0;0.0
24.799999237060543;16.886083937007886;12.959201564864255;2.491262313834455;0.012373904697597027;1.0;0.0
24.899999618530277;16.76649493749518;13.050058479606946;2.492501613608625;0.012379193678498268;1.0;0.0
25.0;16.646807474629686;13.140757315964079;2.493741151801374;0.012384317815303802;1.0;0.0
25.100000381469727;16.527021841362984;13.23129786880873;2.4949811668312813;0.012389274314045906;1.0;0.0
25.200000762939453;16.40713581077654;13.321678204781938;2.4962214202797677;0.012394064106047152;1.0;0.0
25.299999237060543;16.287151551441767;13.411902044429821;2.497462150565413;0.01239868625998497;1.0;0.0
25.399999618530277;16.167067422343333;13.501967044139585;2.4987031192696367;0.01240314170718193;1.0;0.0
25.5;16.046882837578025;13.591873614165062;2.4999443263924386;0.01240742951631546;1.0;0.0
25.600000381469727;15.926598617653518;13.681622926312649;2.5011860103523995;0.012411548756062984;1.0;0.0
25.700000762939453;15.806213356158942;13.771214219029789;2.5024276943123605;0.012415499426424503;1.0;0.0
25.799999237060543;15.685727873601968;13.860648664122879;2.5036698551094796;0.012419282458722591;1.0;0.0
25.899999618530277;15.565141584079399;13.949926671845748;2.504912254325178;0.012422896921634674;1.0;0.0
26.0;15.444453667083563;14.039047070392016;2.5061551303780343;0.012426342815160751;1.0;0.0
26.100000381469727;15.323663829662857;14.128010064888585;2.5073980064308907;0.012429619207978249;1.0;0.0
26.200000762939453;15.202772599373356;14.216817032268777;2.5086411209023263;0.01243272703140974;1.0;0.0
26.299999237060543;15.081779536787659;14.305468280222968;2.509884473792341;0.012435664422810076;1.0;0.0
26.399999618530277;14.960683674922297;14.393962739508225;2.5111280651009347;0.012438433244824408;1.0;0.0
26.5;14.839484574349864;14.48230071781492;2.5123718948281075;0.01244103256613016;1.0;0.0
26.600000381469727;14.718183055578038;14.57048338694945;2.5136157245552804;0.012443461455404758;1.0;0.0
26.700000762939453;14.59677867917942;14.6585110546022;2.5148600311196114;0.012445720843970776;1.0;0.0
26.799999237060543;14.475270331694734;14.74638275409368;2.5161043376839425;0.012447809800505638;1.0;0.0
26.899999618530277;14.353657720172382;14.834098690550817;2.5173486442482735;0.01244972925633192;1.0;0.0
27.0;14.23194151864424;14.921660138343467;2.5185931892311837;0.012451477348804472;1.0;0.0
27.100000381469727;14.110121360920802;15.009067353880276;2.519837972632673;0.012453055940568449;1.0;0.0
27.200000762939453;13.9881961335428;15.096319370481764;2.521082756034162;0.012454464100301264;1.0;0.0
27.299999237060543;13.866165543558632;15.18341639327485;2.5223275394356515;0.012455700896680357;1.0;0.0
27.399999618530277;13.74403019176227;15.27035974791112;2.5235725612557207;0.012456767261028288;1.0;0.0
27.5;13.621789748583168;15.357149665158357;2.524817583075789;0.012457663193345068;1.0;0.0
27.600000381469727;13.499443137181006;15.443785152696224;2.5260626048958565;0.012458388693630695;1.0;0.0
27.700000762939453;13.376990921730798;15.530267561817162;2.527307865134504;0.012458943761885166;1.0;0.0
27.799999237060543;13.254431970463802;15.616595938662126;2.5285528869545724;0.012459327466785908;1.0;0.0
27.899999618530277;13.13176602704737;15.702770462717178;2.5297981471932207;0.01245953980833292;1.0;0.0
28.0;13.008994444122614;15.788793679516917;2.5310434074318673;0.012459581717848776;1.0;0.0
28.100000381469727;12.886114490101757;15.874662262743525;2.5322886676705147;0.01245945319533348;1.0;0.0
28.200000762939453;12.76312750847118;15.96037876434183;2.533533689490583;0.012459153309464455;1.0;0.0
28.299999237060543;12.640033238320862;16.04594336700299;2.5347789497292306;0.012458682991564272;1.0;0.0
28.399999618530277;12.516830566191539;16.131355104047532;2.536023971549299;0.012458042241632938;1.0;0.0
28.5;12.393520092877171;16.216615301127035;2.5372692317879464;0.012457230128347872;1.0;0.0
28.600000381469727;12.270100631680592;16.301723042843747;2.5385140151894356;0.012456247583031654;1.0;0.0
28.700000762939453;12.14657274677683;16.386679680490133;2.539759037009504;0.01245509460568428;1.0;0.0
28.799999237060543;12.022935397944503;16.47148419610497;2.5410038204109933;0.012453770264983175;1.0;0.0
28.899999618530277;11.899189039501788;16.55613801790331;2.5422486038124825;0.012452276423573492;1.0;0.0
29.0;11.775332704465214;16.640640076642217;2.5434931487953927;0.01245061121881008;1.0;0.0
29.100000381469727;11.651366700677151;16.724991903100186;2.544737693778303;0.012448776513338087;1.0;0.0
29.200000762939453;11.527290280867831;16.809192274189105;2.545982000342634;0.012446770444512367;1.0;0.0
29.299999237060543;11.403103679641722;16.893242771969195;2.547226306906965;0.01244459580630064;1.0;0.0
29.399999618530277;11.278805930015354;16.97714232719752;2.548470375052717;0.012442249804735184;1.0;0.0
29.5;11.154397413069006;17.060892419370866;2.5497142047798897;0.012439734302461147;1.0;0.0
29.600000381469727;11.029877308294992;17.14449187668282;2.5509577960884835;0.01243704929947853;1.0;0.0
29.700000762939453;10.905245996773596;17.22794217863017;2.5522013873970772;0.012434194795787334;1.0;0.0
29.799999237060543;10.780502365045542;17.311242358533427;2.553444740287092;0.012431170791387556;1.0;0.0
29.899999618530277;10.655647087142704;17.394393690762456;2.5546876163399483;0.0124279772862792;1.0;0.0
30.0;10.530678903130003;17.477395311201228;2.555930492392805;0.01242461521178484;1.0;0.0
30.100000381469727;10.405598340563522;17.560248596783072;2.557173130027082;0.012421083636581896;1.0;0.0
30.200000762939453;10.280404432459786;17.642952478265034;2.5584152908242013;0.012417384423315523;1.0;0.0
30.299999237060543;10.155097706374862;17.725508332580443;2.5596574516213204;0.012413515709340572;1.0;0.0
30.399999618530277;10.029677869357162;17.80791636485621;2.5608991355812813;0.012409479357302187;1.0;0.0
30.5;9.904142987439723;17.89017443660646;2.562140581122663;0.0124052744358778;1.0;0.0
30.600000381469727;9.778495229193982;17.97228626837731;2.563381549826887;0.01240090187638998;1.0;0.0
30.700000762939453;9.652732660652982;18.05424972168288;2.5646225185311105;0.012396361678838728;1.0;0.0
30.799999237060543;9.526854988865129;18.136065001650078;2.565863010398176;0.012391653843224049;1.0;0.0
30.899999618530277;9.40086274138649;18.21773348521223;2.567103025428083;0.012386779300868511;1.0;0.0
31.0;9.274755097709399;18.29925400056294;2.5683428020394112;0.012381738051772116;1.0;0.0
31.100000381469727;9.148531999486728;18.38062833488936;2.5695823402321603;0.012376530095934868;1.0;0.0
31.200000762939453;9.022194032621677;18.46185607793765;2.570821163169172;0.012371156364679337;1.0;0.0
31.299999237060543;8.895739204800169;18.542936878409087;2.5720599861061837;0.012365615926682947;1.0;0.0
31.399999618530277;8.769167808973808;18.62387053117675;2.573298093787458;0.012359910644590855;1.0;0.0
31.5;8.642480079747067;18.704658618300876;2.5745359630501534;0.012354039587080479;1.0;0.0
31.600000381469727;8.515676017119947;18.785301139781467;2.5757733554756905;0.012348003685474396;1.0;0.0
31.700000762939453;8.388754507633173;18.865797128939043;2.5770102710640694;0.012341802939772604;1.0;0.0
31.799999237060543;8.261714965383547;18.94614699602744;2.57824670981529;0.012335438281297684;1.0;0.0
31.899999618530277;8.134558210878744;19.026351912853055;2.5794826717293526;0.012328909710049627;1.0;0.0
32.0;8.007275042276998;19.106395620298112;2.5821348400032784;0.12372586876153945;1.0;0.0
32.099998474121094;7.878902345215409;19.184380151179518;2.6166230411446367;0.566597580909729;1.0;0.0
32.20000076293945;7.7466415673012765;19.254794264438292;2.6955221862709786;0.9922494292259216;1.0;0.0
32.29999923706055;7.608389639105985;19.313015846262328;2.7883795471108224;0.8657728433609008;1.0;0.0
32.400001525878906;7.465305133194223;19.359129523753573;2.8693612785256173;0.7525123953819275;1.0;0.0
32.5;7.319171382201087;19.39412713798711;2.9439865322029855;0.757309079170227;1.0;0.0
32.599998474121094;7.170974545113308;19.41792065756626;3.0213304729378487;0.7883881330490112;1.0;0.0
32.70000076293945;7.02136965198004;19.429981572230577;3.1010156841194894;0.7935158610343933;1.0;0.0
32.79999923706055;6.871206672105837;19.430132100427407;-3.10315484492289;0.7857025861740112;1.0;0.0
32.900001525878906;6.721483392598584;19.418471657852407;-3.0246140429209367;0.7832417488098145;1.0;0.0
33.0;6.573158460530069;19.395114842025123;-2.9461862513254777;0.7840646505355835;1.0;0.0
33.099998474121094;6.427133218720849;19.360195419349125;-2.8674759337137843;0.7872978448867798;1.0;0.0
33.20000076293945;6.284299407015685;19.313895792273385;-2.788824505491127;0.7845888137817383;1.0;0.0
33.29999923706055;6.145538704018336;19.25652241245149;-2.710189766569008;0.7869208455085753;1.0;0.0
33.400001525878906;6.011719550811377;19.18841894186207;-2.6315326163004533;0.7844110131263733;1.0;0.0
33.5;5.883659305500627;19.110020693794993;-2.5529484221171046;0.7860920429229736;1.0;0.0
33.599998474121094;5.762158338647026;19.021801071327936;-2.4742354819010393;0.7847850918769836;1.0;0.0
33.70000076293945;5.64795984176635;18.924310187710248;-2.3956722685526506;0.7852991819381715;1.0;0.0
33.79999923706055;5.541775254555274;18.818150076699332;-2.316947407407631;0.7853073477745056;1.0;0.0
33.900001525878906;5.444257662210982;18.703974110305367;-2.2383851477335597;0.7847658395767213;1.0;0.0
34.0;5.35600988259767;18.582493560420755;-2.1596745917032854;0.786084473133087;1.0;0.0
34.099998474121094;5.277581884381373;18.45445146534866;-2.0810880133341447;0.7844637036323547;1.0;0.0
34.20000076293945;5.209448758528826;18.32064853231793;-2.002421326322426;0.7870832085609437;1.0;0.0
34.29999923706055;5.152044698261077;18.181901881142817;-1.9237875410746232;0.784405767917633;1.0;0.0
34.400001525878906;5.1057103844598055;18.039078392694023;-1.8451771208475733;0.786631166934967;1.0;0.0
34.5;5.070747240060379;17.893054973231603;-1.7664856383036263;0.784555673599243;1.0;0.0
34.599998474121094;5.047357312978877;17.744736200183862;-1.6879190870951302;0.785581886768341;1.0;0.0
34.70000076293945;5.035693666219188;17.59503650193508;-1.6092080542276994;0.7849989533424377;1.0;0.0
34.79999923706055;5.035824517435671;17.444882565257316;-1.5306252905558253;0.7854889035224913;1.0;0.0
34.900001525878906;5.047756442888607;17.295212804714414;-1.4518494078348771;0.785838782787323;1.0;0.0
35.0;5.071413746842121;17.146942911067455;-1.3733467528055812;0.7830337285995483;1.0;0.0
35.099998474121094;5.106621937148421;17.000963451138823;-1.2948955961893702;0.7842579483985901;1.0;0.0
35.20000076293945;5.153182148329806;16.858183804472286;-1.2161545225809718;0.7893603444099425;1.0;0.0
35.29999923706055;5.210857319370259;16.719578514720737;-1.1366114088724757;0.8007636070251466;1.0;0.0
35.400001525878906;5.279329398462428;16.586042621999223;-1.0579008528422023;0.770691454410553;1.0;0.0
35.5;5.357948158261035;16.458089049354328;-0.9822768637369776;0.7399988770484924;1.0;0.0
35.599998474121094;5.446050717370868;16.33625005828616;-0.9057506987284327;0.8142353296279907;1.0;0.0
35.70000076293945;5.5436964830499385;16.222143066839113;-0.818139977140298;0.9375686049461364;1.0;0.0
35.79999923706055;5.651204968352733;16.11779187892141;-0.7258562514017726;0.7640558481216431;1.0;0.0
35.900001525878906;5.766407910714802;16.02169357386665;-0.6721548506449366;0.3109211325645447;1.0;0.0
36.0;5.884806280654069;15.929033385520222;-0.6634067961405421;-0.13583765923976898;1.0;0.0
36.09999847412109;6.001805343458205;15.83486797206078;-0.6994752356241847;-0.586187481880188;1.0;0.0
36.200000762939446;6.112813821486948;15.734253317331115;-0.7804936835001612;-0.9888154268264769;1.0;0.0
36.299999237060554;6.214310319543531;15.623766497096366;-0.8729376265238429;-0.8608310818672179;1.0;0.0
36.400001525878906;6.306093739171415;15.504692169509129;-0.9533767172526026;-0.7465791106224061;1.0;0.0
36.5;6.388477965349663;15.379033630649694;-1.0279759833048487;-0.7584554553031921;1.0;0.0
36.59999847412109;6.4610055973321625;15.247631562921475;-1.1054586836527491;-0.7900519371032714;1.0;0.0
36.700000762939446;6.522957077915145;15.11092169875251;-1.185182041807046;-0.7930917739868163;1.0;0.0
36.799999237060554;6.573892162858875;14.96965761515267;-1.2641653486918116;-0.7854808568954467;1.0;0.0
36.900001525878906;6.6135657051967955;14.824816024954254;-1.342690415067544;-0.7831408381462097;1.0;0.0
37.0;6.641760151327905;14.677335110254365;-1.421120590848794;-0.784218728542328;1.0;0.0
37.09999847412109;6.658294680863465;14.528106376293282;-1.4998468825052882;-0.7870497107505798;1.0;0.0
37.200000762939446;6.663039980629015;14.378030667205056;-1.5784859129618303;-0.7845880389213562;1.0;0.0
37.299999237060554;6.655986453767782;14.228042005103484;-1.6571330496500627;-0.7871700525283812;1.0;0.0
37.400001525878906;6.637164876044544;14.07907408420133;-1.7357763716410295;-0.7843787074089049;1.0;0.0
37.5;6.606707860982356;13.932045173771161;-1.814369625730385;-0.7863062620162963;1.0;0.0
37.59999847412109;6.564786987098989;13.787863722823085;-1.8930754133890773;-0.7846928834915161;1.0;0.0
37.700000762939446;6.511674322606742;13.647420206687325;-1.9716419645975733;-0.7854560613632202;1.0;0.0
37.799999237060554;6.44768986430199;13.51158376506261;-2.0503658720682756;-0.7851619720458984;1.0;0.0
37.900001525878906;6.373231889053276;13.381193173999868;-2.128926224393714;-0.7848690748214722;1.0;0.0
38.0;6.288763593505986;13.257053976557275;-2.207642502469887;-0.785884916782379;1.0;0.0
38.09999847412109;6.194799675439943;13.139937400642534;-2.2862214514444963;-0.7845121026039124;1.0;0.0
38.200000762939446;6.091931351349617;13.030559348850478;-2.3649005362223283;-0.7868304252624511;1.0;0.0
38.299999237060554;5.980781709890737;12.929606421320116;-2.4435214468668596;-0.7844005227088928;1.0;0.0
38.400001525878906;5.862050707300462;12.837690438945831;-2.5221437880228654;-0.7868737578392029;1.0;0.0
38.5;5.736462437325408;12.755394097031527;-2.600824303312172;-0.7844907045364381;1.0;0.0
38.59999847412109;5.604798874138837;12.683210665272439;-2.6793960997294093;-0.7857629656791686;1.0;0.0
38.700000762939446;5.467869233980846;12.621596874942703;-2.7581037947367326;-0.7849019765853882;1.0;0.0
38.799999237060554;5.326523446068045;12.570928559821672;-2.836689419431557;-0.7856484055519104;1.0;0.0
38.900001525878906;5.181641199122072;12.531529281881905;-2.9154657789896623;-0.7855910658836365;1.0;0.0
39.0;5.034108732550257;12.5036359386498;-2.9939555594156877;-0.7830092310905457;1.0;0.0
39.09999847412109;4.884822408995955;12.48738578368652;-3.0724136301706926;-0.7843601703643799;1.0;0.0
39.200000762939446;4.734711286203422;12.482905401521535;3.132004377356794;-0.7897905707359315;1.0;0.0
39.299999237060554;4.584772039037236;12.490301971979871;3.052405235282209;-0.8008778691291809;1.0;0.0
39.400001525878906;4.435945015420182;12.509566691882696;2.973852273932722;-0.7690909504890442;1.0;0.0
39.5;4.2889266834708835;12.5402476888104;2.8983794422066476;-0.7385033965110778;1.0;0.0
39.59999847412109;4.144460451638824;12.581928329320089;2.821455118171003;-0.820150315761566;1.0;0.0
39.700000762939446;4.004092528273322;12.635279264055296;2.733226177207258;-0.9441508650779725;1.0;0.0
39.799999237060554;3.869577116163102;12.701237638750646;2.6419030399239327;-0.7409767508506776;1.0;0.0
39.900001525878906;3.740054511604815;12.77698261358787;2.5904942722237374;-0.2881315052509308;1.0;0.0
40.0;3.612514750193845;12.856600012028368;2.5840173931038644;0.1585075408220291;1.0;0.0
40.09999847412109;3.4838825788183865;12.934084286112007;2.622370359412458;0.6092565655708313;1.0;0.0
40.200000762939446;3.3510852642367803;13.003431616110674;2.7053533763802315;0.9821037054061889;1.0;0.0
40.299999237060554;3.212260675148854;13.060377700633722;2.797160980216291;0.8546538352966307;1.0;0.0
40.400001525878906;3.0687856391605184;13.105318867285177;2.8770242900765206;0.7412269711494445;1.0;0.0
40.5;2.922409672442887;13.139199909234799;2.9516957969582345;0.7600298523902893;1.0;0.0
40.59999847412109;2.774040517760702;13.161827040166415;3.0293370456612374;0.7916699051856994;1.0;0.0
40.700000762939446;2.624336546148924;13.172679015262432;3.1090723247444894;0.792553722858429;1.0;0.0
40.799999237060554;2.474172226664048;13.171625512345333;-3.095166153592934;0.7852657437324525;1.0;0.0
40.900001525878906;2.3245474566382516;13.158771454844032;-3.0166532465647355;0.7830885648727418;1.0;0.0
41.0;2.1764156100145255;13.134235132562626;-2.9382175871561653;0.7843914031982422;1.0;0.0
41.09999847412109;2.030674044985287;13.098149609307216;-2.8594779440592424;0.7868041992187501;1.0;0.0
41.200000762939446;1.8882140346182883;13.050711585024013;-2.7808503576944963;0.7845976948738098;1.0;0.0
41.299999237060554;1.7499155587628117;12.992231320345391;-2.7021903464029933;0.7870306372642517;1.0;0.0
41.400001525878906;1.6166433096937283;12.923062087521618;-2.6235608526896135;0.7843596935272216;1.0;0.0
41.5;1.4892140018745126;12.843645762687968;-2.5449571081827775;0.786532461643219;1.0;0.0
41.59999847412109;1.3684215019758108;12.754457683497069;-2.466260380430092;0.7846131324768065;1.0;0.0
41.700000762939446;1.2550043155037711;12.656059976037803;-2.387689537687172;0.7856255173683167;1.0;0.0
41.799999237060554;1.1496698975269233;12.54905397147013;-2.30896801440226;0.7850291728973389;1.0;0.0
41.900001525878906;1.0530668228821884;12.434104058486735;-2.230408615751137;0.7849848270416259;1.0;0.0
42.0;0.9657915811928284;12.311922447397915;-2.151687569303383;0.7856977581977843;1.0;0.0
42.09999847412109;0.888387755144791;12.183259267516327;-2.0731152960489894;0.7845730781555175;1.0;0.0
42.200000762939446;0.8213251036209028;12.048916340138064;-1.9944247671793605;0.786590039730072;1.0;0.0
42.299999237060554;0.7650307890038262;11.909715708123425;-1.9158157774637843;0.7844079732894897;1.0;0.0
42.400001525878906;0.719837816478524;11.766527007425722;-1.8371800848673479;0.7871286869049072;1.0;0.0
42.5;0.6860421012471116;11.620229254529303;-1.7585129210184718;0.7844382524490355;1.0;0.0
42.59999847412109;0.6638352027072072;11.47172825883996;-1.6799334952067042;0.78595632314682;1.0;0.0
42.700000762939446;0.6533674299960675;11.321939503854118;-1.6012310454081202;0.7848179936408995;1.0;0.0
42.799999237060554;0.6546967468540741;11.171792490381563;-1.5226411291788722;0.7858207821846008;1.0;0.0
42.900001525878906;0.6678243385024869;11.022224168836107;-1.4438662001322413;0.7853544354438781;1.0;0.0
43.0;0.6926623207165283;10.874146540126263;-1.3653888174723292;0.7829961776733398;1.0;0.0
43.09999847412109;0.7290329782728184;10.72844806206609;-1.286922878904214;0.7844792008399963;1.0;0.0
43.200000762939446;0.7767321148257205;10.586047959075465;-1.2081274458597804;0.7902370691299438;1.0;0.0
43.299999237060554;0.8355220834560271;10.44792118506112;-1.1284794279764796;0.7992676496505737;1.0;0.0
43.400001525878906;0.9050581670729532;10.314933427238985;-1.0500873991678858;0.767493724822998;1.0;0.0
43.5;0.9846647038093126;10.187570013466148;-0.9747647711466456;0.7370153665542601;1.0;0.0
43.59999847412109;1.0737179620337587;10.066417869889614;-0.8974050947855616;0.8261059522628784;1.0;0.0
43.700000762939446;1.1723575843229357;9.953218978546747;-0.8085555502604134;0.9507564902305603;1.0;0.0
43.799999237060554;1.2808183957915782;9.84987744344373;-0.7183422514628077;0.7178868055343628;1.0;0.0
43.900001525878906;1.3965553452036108;9.754353480934153;-0.6692246863077784;0.2653633952140808;1.0;0.0
44.0;1.5150207591277214;9.661765971630059;-0.6650189825724269;-0.18119101226329803;1.0;0.0
44.09999847412109;1.6316214849118111;9.567171339105633;-0.7056579062174464;-0.6323375701904297;1.0;0.0
44.200000762939446;1.7417706993607016;9.465633799326012;-0.7904552885721827;-0.9754069447517395;1.0;0.0
44.299999237060554;1.8422609681570892;9.354175069629564;-0.8816294142435694;-0.8485139608383178;1.0;0.0
44.400001525878906;1.9330831326849953;9.234351432648948;-0.9609202810953761;-0.735919713973999;1.0;0.0
44.5;2.0145001474925817;9.108090954250436;-1.0356993147562648;-0.7616087794303894;1.0;0.0
44.59999847412109;2.085986332831487;8.97612932225454;-1.1134995886515284;-0.7932872176170349;1.0;0.0
44.700000762939446;2.14683221158651;8.838913547421887;-1.1932358214090968;-0.7920315861701965;1.0;0.0
44.799999237060554;2.196635574606544;8.697242173920928;-1.2721476027201302;-0.78506737947464;1.0;0.0
44.900001525878906;2.2351524467314268;8.552091094076285;-1.3506493040751124;-0.7830477356910706;1.0;0.0
45.0;2.262172187896309;8.404392775908896;-1.4290918776224748;-0.784575343132019;1.0;0.0
45.09999847412109;2.2775133328541397;8.255036556695607;-1.5078424879740373;-0.7865714430809022;1.0;0.0
45.200000762939446;2.2810610421850472;8.104927116594869;-1.586459583921303;-0.7846203446388244;1.0;0.0
45.299999237060554;2.2728104068658364;7.954999561094203;-1.665131516141762;-0.7867796421051025;1.0;0.0
45.400001525878906;2.2528001129624644;7.806186411384001;-1.7437481352518693;-0.7843531966209412;1.0;0.0
45.5;2.2211709772507664;7.65940455858754;-1.8223633238505021;-0.7867708802223204;1.0;0.0
45.59999847412109;2.1781002622391274;7.515563710738031;-1.9010495611857063;-0.7845460772514342;1.0;0.0
45.700000762939446;2.123868297131765;7.375546812424811;-1.9796261259745256;-0.785807430744171;1.0;0.0
45.799999237060554;2.058800909495465;7.240226342508468;-2.058343834562172;-0.7849088907241821;1.0;0.0
45.900001525878906;1.9833056333477228;7.110433721948411;-2.1369037100504533;-0.7851131558418275;1.0;0.0
46.0;1.8978481262489653;6.9869736438176;-2.2156276175211573;-0.7855230569839476;1.0;0.0
46.09999847412109;1.8029531341580833;6.870609863629987;-2.294195122403969;-0.7846466898918151;1.0;0.0
46.200000762939446;1.6992144223092565;6.762056935916652;-2.3728947111796037;-0.7863619327545166;1.0;0.0
46.299999237060554;1.5872630473985367;6.661994135202658;-2.4514932104776994;-0.7844281196594238;1.0;0.0
46.400001525878906;1.4678025394294045;6.571029033672211;-2.5301436850260393;-0.7873958945274354;1.0;0.0
46.5;1.3415609172135223;6.489738085604963;-2.60879654376017;-0.7843983769416809;1.0;0.0
46.59999847412109;1.2093258376988008;6.4186070889104005;-2.6873840758036263;-0.7861620187759398;1.0;0.0
46.700000762939446;1.07190780562598;6.3580883799806704;-2.7660803267191545;-0.7847470045089722;1.0;0.0
46.799999237060554;0.9301629015872797;6.308549119525409;-2.8446754881571437;-0.7860060334205627;1.0;0.0
46.900001525878906;0.7849708431739097;6.270309793221395;-2.923446840925087;-0.7851290106773376;1.0;0.0
47.0;0.6372197135035131;6.243592473541707;-3.0019132563303605;-0.7829946279525757;1.0;0.0
47.09999847412109;0.48780602139126117;6.228532128781844;-3.0803880163859025;-0.7846152186393738;1.0;0.0
47.200000762939446;0.33766658810278916;6.225252090310153;3.1239727706825997;-0.7906997203826904;1.0;0.0
47.299999237060554;0.18780057889526258;6.2338599770750545;3.0442866058266427;-0.7976553440093994;1.0;0.0
47.400001525878906;0.039128325862177515;6.254309047753587;2.966054794303205;-0.7658998966217042;1.0;0.0
47.5;-0.1076709636245421;6.286117167478701;2.8908816547310616;-0.7355350255966185;1.0;0.0
47.59999847412109;-0.25180728843535505;6.328931126524844;2.8130496711647774;-0.8321018815040588;1.0;0.0
47.700000762939446;-0.39165215606506365;6.3835316074268045;2.723576185218122;-0.9573841691017152;1.0;0.0
47.799999237060554;-0.5255498246457999;6.450715139151363;2.6346224517739083;-0.6947910785675049;1.0;0.0
47.900001525878906;-0.654730662830517;6.527127152935158;2.587795612326887;-0.2426157891750336;1.0;0.0
48.0;-0.7822410303130756;6.606802117884967;2.5858606071388985;0.20388977229595184;1.0;0.0
48.09999847412109;-0.911156297507524;6.683733695010529;2.6287864417946603;0.6554274559020996;1.0;0.0
48.200000762939446;-1.0445392637387552;6.7519316281820085;2.715248701087263;0.9687268137931824;1.0;0.0
48.299999237060554;-1.1839231239464518;6.807606373857614;2.8057914943611886;0.8424121141433715;1.0;0.0
48.400001525878906;-1.3277638426086171;6.851394304303771;2.8845151634133126;0.733030080795288;1.0;0.0
48.5;-1.4743709211515417;6.884158420846793;2.959434864035871;0.7631921172142029;1.0;0.0
48.59999847412109;-1.622906798478168;6.905612189423628;3.0373944015419747;0.794903576374054;1.0;0.0
48.700000762939446;-1.77270217287175;6.915252469868744;3.117121335974958;0.7915254235267638;1.0;0.0
48.799999237060554;-1.922857284493737;6.912996282077502;-3.0871858069132463;0.784885823726654;1.0;0.0
48.900001525878906;-2.0723725873106815;6.898950541792896;-3.0086945959757454;0.7830183506011962;1.0;0.0
49.0;-2.2203025882032073;6.873236000950022;-2.930244393033851;0.7847704887390136;1.0;0.0
49.09999847412109;-2.365751481561583;6.8359872470681005;-2.851484245939125;0.7863514423370361;1.0;0.0
49.200000762939446;-2.5078292085168252;6.787412963151338;-2.7728762098978654;0.7846560478210449;1.0;0.0
49.299999237060554;-2.6456559200446996;6.7278307050565225;-2.694194264097084;0.7865408062934875;1.0;0.0
49.400001525878906;-2.7783718303536338;6.657600454963128;-2.615589565915932;0.7843592166900634;1.0;0.0
49.5;-2.9051633737538634;6.577169568174121;-2.5369615027140275;0.787021517753601;1.0;0.0
49.59999847412109;-3.0252401105612723;6.487019711191053;-2.4582871863077775;0.7844915390014648;1.0;0.0
49.700000762939446;-3.1378689250927554;6.387720276761655;-2.379703468961586;0.7860017418861389;1.0;0.0
49.799999237060554;-3.2423442661611874;6.279876112073065;-2.30099100558268;0.7848014235496522;1.0;0.0
49.900001525878906;-3.338028280836598;6.164159986544071;-2.222429222745766;0.7852541208267213;1.0;0.0
50.0;-3.4243241718053543;6.04128454991237;-2.1437043616007454;0.7853603363037108;1.0;0.0
50.09999847412109;-3.5006993859788302;5.912007872789311;-2.0651406714152003;0.7847337126731871;1.0;0.0
50.200000762939446;-3.5666871965536577;5.777133681264381;-1.9864329764078743;0.7861488461494445;1.0;0.0
50.299999237060554;-3.6218690540458054;5.637489175848397;-1.9078435370157854;0.7844560742378234;1.0;0.0
50.400001525878906;-3.665917900734966;5.493944227707123;-1.8291797110270158;0.7871868014335632;1.0;0.0
50.5;-3.698544706085622;5.347380491105286;-1.7505421110819475;0.7843900918960571;1.0;0.0
50.59999847412109;-3.7195659671731285;5.198707233736713;-1.6719397970865861;0.786464750766754;1.0;0.0
50.700000762939446;-3.728835710787103;5.048841228814462;-1.5932483145426408;0.7846356630325316;1.0;0.0
50.799999237060554;-3.72630856425653;4.898710206371896;-1.5146641203592903;0.7858779430389404;1.0;0.0
50.900001525878906;-3.711989100044655;4.749246635028152;-1.4359244772623683;0.7849732041358948;1.0;0.0
51.0;-3.6859743280921826;4.601366940963255;-1.3574075171183253;0.7841722965240479;1.0;0.0
51.09999847412109;-3.648433691917261;4.455976383251897;-1.278784222288003;0.7853151559829712;1.0;0.0
51.200000762939446;-3.599584873744435;4.313983655555131;-1.200095600767007;0.7872877120971679;1.0;0.0
51.299999237060554;-3.5397107612725396;4.176304089291741;-1.1209859320353175;0.790407955646515;1.0;0.0
51.400001525878906;-3.46917517665735;4.043783568879107;-1.0425977179239894;0.7762095928192138;1.0;0.0
51.5;-3.3885317582951915;3.917097900885208;-0.965429730100503;0.7656263709068297;1.0;0.0
51.59999847412109;-3.2983033776281463;3.7969880308178934;-0.8868908354471827;0.8063072562217712;1.0;0.0
51.700000762939446;-3.198732313495843;3.6846205721573795;-0.8036589094828273;0.8574578762054443;1.0;0.0
51.799999237060554;-3.0901169265978643;3.5811032443628656;-0.7214126059244776;0.7391564846038817;1.0;0.0
51.900001525878906;-2.9740765161044473;3.4858268646536277;-0.6565060087870265;0.5586085319519042;1.0;0.0
52.0;-2.8529739052436085;3.3971621626936788;-0.612303681058755;0.2677453458309173;1.0;0.0
52.09999847412109;-2.729669827772069;3.3117755344954585;-0.6057662261472379;-0.12406402081251144;1.0;0.0
52.200000762939446;-2.606738384722367;3.2258274244478553;-0.6127409407328273;-0.01545572467148304;1.0;0.0
52.299999237060554;-2.4839659493182973;3.1396397578448507;-0.6108993956278468;0.018147952854633328;1.0;0.0
52.400001525878906;-2.361060991439123;3.053651952538262;-0.610531630768377;-0.008615864440798758;1.0;0.0
52.5;-2.2381854859577563;2.9676195908278067;-0.6110033461283351;-0.0008211393724195659;1.0;0.0
52.59999847412109;-2.115319247114617;2.8815727479761155;-0.6108630006361855;0.001225614920258522;1.0;0.0
52.700000762939446;-1.9924440837837718;2.795539897624072;-0.6108435390877949;-0.000597850128542632;1.0;0.0
52.799999237060554;-1.8695712967866394;2.7095036535157755;-0.6108755537699366;-3.822907092398964e-05;1.0;0.0
52.900001525878906;-1.7466987866186807;2.623466390549284;-0.6108647619248577;8.244148193625733e-05;1.0;0.0
53.0;-1.6238259158464659;2.537430266084204;-0.610863836493535;-4.1435534512856975e-05;1.0;0.0
53.09999847412109;-1.5009532264202012;2.4513938826302666;-0.6108660170267726;-1.2566176792461192e-06;1.0;0.0
53.200000762939446;-1.3780802754434665;2.3653572492039507;-0.6108651828191922;5.520294507732615e-06;1.0;0.0
53.299999237060554;-1.2552075728030885;2.2793208846217228;-0.6108651483806602;-2.868096544261789e-06;1.0;0.0
53.400001525878906;-1.132334590862738;2.1932842954160323;-0.6108650633524562;1.6623408427562936e-08;1.0;0.0
53.5;-1.0094619034741785;2.1072479090519503;-0.610865232806935;3.6770603628610843e-07;1.0;0.0
53.59999847412109;-0.8865892130609874;2.02121152700749;-0.6108652324987913;-1.9825439778742293e-07;1.0;0.0
53.700000762939446;-0.7637162307121308;1.9351749383852064;-0.6108650633524562;8.910332027767252e-09;1.0;0.0
53.799999237060554;-0.6408435413846738;1.8491385547901578;-0.6108652377151476;2.426510903319468e-08;1.0;0.0
53.900001525878906;-0.5179705589027259;1.7631019663579484;-0.6108652378534134;-1.3729345660351557e-08;1.0;0.0
54.0;-0.3950978694470799;1.6770655829459717;-0.6108650633524562;1.8570432969156055e-09;1.0;0.0
54.09999847412109;-0.2722250335140357;1.5910290969728182;-0.6108652381358981;3.8745937014361687e-10;1.0;0.0
54.200000762939446;-0.1493523440532729;1.5049927135681496;-0.6108650633524562;-1.220146428337898e-09;1.0;0.0
54.299999237060554;-0.026479508117941197;1.4189562275982646;-0.6108652379277841;9.82456782594454e-09;1.0;0.0
54.400001525878906;0.09639332786575205;1.332919741697446;-0.610865237961991;-1.8167840565297407e-08;1.0;0.0
54.5;0.2192661637010873;1.2468832555847502;-0.6108650633524562;1.2196311738321695e-09;1.0;0.0
54.59999847412109;0.3421389996257118;1.1608467695995726;-0.6108652336637554;1.4025924599536665e-07;1.0;0.0
54.700000762939446;0.4650116897206462;1.0748103871005943;-0.6108652359348961;-2.736996407293191e-07;1.0;0.0
54.799999237060554;0.5878845240960677;0.9887738989029259;-0.6108650633524562;8.957160702038891e-08;1.0;0.0
54.900001525878906;0.7107573601674391;0.9027374131273248;-0.6108651676581323;2.025082721957005e-06;1.0;0.0
55.0;0.8336302047766444;0.8167009395450141;-0.610865221295195;-4.0797713154461235e-06;1.0;0.0
55.09999847412109;0.9565029440758936;0.7306644714407898;-0.6108655401896144;2.2460808395408094e-06;1.0;0.0
55.200000762939446;1.0793757867167941;0.6446279950474485;-0.6108641493882478;2.9204196835053157e-05;1.0;0.0
55.299999237060554;1.2022487405309463;0.5585916774259653;-0.6108652201317222;-6.055015182937496e-05;1.0;0.0
55.400001525878906;1.3251211556289473;0.47255474631437444;-0.610871739072671;4.519049616646953e-05;1.0;0.0
55.5;1.4479941203089222;0.38651852214903915;-0.6108485407629578;0.0004206680750939995;1.0;0.0
55.59999847412109;1.5708685796333812;0.3004842766809542;-0.6108684012125636;-0.0008952551870606839;1.0;0.0
55.700000762939446;1.6937360883332944;0.21444061129022246;-0.6109542319010401;0.0008231215178966521;1.0;0.0
55.799999237060554;1.8166123836578933;0.12840887099485981;-0.6106106151881923;0.0060527357272803775;1.0;0.0
55.900001525878906;1.9395070608685219;0.042402038320385874;-0.6109542319010401;-0.013192255981266499;1.0;0.0
